PassengerId,Probability
0013_01,0.45939198
0018_01,0.0007419541
0019_01,0.99999774
0021_01,0.99999994
0023_01,0.45816967
0027_01,0.61078006
0029_01,0.99995255
0032_01,0.9999896
0032_02,1.0
0033_01,0.44480988
0037_01,0.13582905
0040_01,0.19212471
0040_02,0.81986713
0042_01,0.45939198
0046_01,0.0054073203
0046_02,0.07538281
0046_03,0.07476321
0047_01,0.9999978
0047_02,1.0
0047_03,0.00013838531
0048_01,0.4098147
0049_01,0.011739145
0054_01,0.9974408
0054_02,0.99230313
0054_03,0.5687673
0055_01,0.08897307
0057_01,1.0
0059_01,0.50932455
0060_01,0.36409757
0063_01,0.45939198
0065_01,0.45939198
0075_01,0.09576266
0079_01,0.45939198
0080_01,0.4054701
0083_01,0.13993897
0087_01,0.20709977
0089_01,0.98449033
0093_01,0.45939198
0094_01,0.45939198
0094_02,0.10932957
0095_01,0.57773554
0096_01,0.2679132
0100_01,0.45678607
0100_02,0.45939198
0104_01,0.12233378
0106_01,0.5637141
0109_01,0.18688148
0117_01,0.45997623
0118_01,0.40634844
0121_01,0.050086193
0124_01,0.5525956
0125_01,0.9995109
0125_02,0.00046516498
0130_01,0.56175923
0131_01,0.41048333
0132_01,0.9939795
0135_01,0.2362543
0137_01,0.45939198
0142_01,0.98808646
0142_02,0.45438766
0142_03,0.9946128
0143_01,0.9999911
0145_01,0.0955147
0150_01,0.99234843
0150_02,0.9997646
0153_01,0.3198522
0154_01,0.586602
0155_01,0.01683368
0156_01,0.948727
0157_01,0.029258905
0158_01,0.28916374
0158_02,0.46585777
0159_01,0.11725612
0161_01,0.16929848
0162_01,0.99984825
0166_01,0.37863204
0168_01,0.99998516
0175_01,0.45939198
0175_02,0.45939198
0175_03,0.45939198
0175_04,0.45939198
0175_05,0.39860454
0176_01,0.20961861
0180_01,0.20946975
0184_01,0.18689391
0185_01,0.45939198
0187_01,0.9994879
0191_01,0.1252951
0194_01,0.9677156
0194_02,0.9998908
0194_03,8.397508e-08
0204_01,0.2851305
0208_01,0.34619722
0209_01,1.7144853e-29
0214_01,0.0036688608
0214_02,0.004808016
0215_01,0.45939198
0218_01,0.16562201
0226_01,1.0
0227_01,0.35528502
0228_01,0.99998146
0228_02,1.0
0228_03,0.99999994
0228_04,8.1494666e-14
0230_01,0.8190449
0230_02,0.18876079
0235_01,0.45939198
0236_01,0.9970318
0238_01,0.19425194
0247_01,0.9999997
0247_02,1.0
0249_01,0.07705732
0256_01,0.4507569
0259_01,0.9404594
0262_01,0.06791126
0264_01,0.9999923
0264_02,0.99999994
0264_03,5.065361e-22
0266_01,0.063035175
0266_02,0.09302197
0268_01,0.0058146818
0268_02,0.11443149
0271_01,0.142516
0272_01,0.2683693
0273_01,1.0
0273_02,0.9999015
0273_03,0.002076701
0274_01,0.00046995658
0274_02,0.45939198
0276_01,0.00013568396
0276_02,0.99999994
0279_01,0.17446329
0280_01,0.37498772
0284_01,0.40847582
0292_01,0.058394063
0293_01,0.9976892
0295_01,0.41621295
0296_01,0.1432453
0299_01,0.25762403
0300_01,0.10242899
0308_01,0.45939198
0311_01,0.7271272
0312_01,0.45939198
0317_01,0.12516929
0318_01,0.4835684
0319_01,0.113173746
0319_02,0.9999997
0323_01,0.68772924
0325_01,0.37878853
0328_01,0.5544995
0329_01,0.9999468
0332_01,0.45939198
0335_01,0.24057709
0339_01,0.2127463
0339_02,0.11578303
0339_03,0.47042874
0339_04,0.49560615
0339_05,0.80475456
0339_06,0.017569663
0339_07,0.2458342
0339_08,0.18046232
0342_01,0.87418324
0342_02,0.6073023
0344_01,0.9965511
0344_02,0.0009701253
0349_01,8.3911766e-14
0349_02,0.91882676
0349_03,0.03528006
0349_04,0.9730636
0349_05,0.28923023
0349_06,0.0047352836
0351_01,0.9969352
0353_01,0.45939198
0353_02,0.5053686
0354_01,0.7252042
0362_01,0.8420042
0363_01,0.45939198
0363_02,0.42677394
0363_03,0.52926743
0364_01,0.41090056
0364_02,0.3290789
0366_01,0.45939198
0367_01,1.2283876e-06
0374_01,0.18552081
0374_02,0.16809194
0386_01,0.03390173
0390_01,0.45939198
0393_01,0.02468725
0394_01,0.6681371
0399_01,0.45939198
0400_01,0.9960475
0404_01,0.9610633
0406_01,0.17079325
0414_01,0.03548082
0416_01,0.08304351
0418_01,0.1446549
0419_01,0.25982788
0419_02,0.47602603
0419_03,0.49218264
0420_01,0.12306385
0421_01,1.0
0422_01,0.11016977
0424_01,0.037827298
0426_01,0.11443311
0440_01,0.42578143
0443_01,0.35083133
0450_01,0.14688677
0451_01,0.9999979
0455_01,0.56369406
0464_01,0.45939198
0467_01,0.86735773
0467_02,0.99683005
0467_03,0.9999928
0467_04,0.9378733
0469_01,0.64095485
0473_01,0.2151247
0478_01,1.6691031e-13
0478_02,0.99999356
0479_01,0.9999997
0483_01,0.9999159
0483_02,0.7366649
0484_01,0.99971
0486_01,0.47653276
0489_01,0.45939198
0489_02,0.9999842
0491_01,0.6294664
0492_01,0.2564402
0493_01,0.45939198
0494_01,0.99974704
0494_02,0.4050228
0495_01,0.45939198
0495_02,0.45939198
0495_03,0.45939198
0495_04,0.45939198
0495_05,0.0018984427
0495_06,0.45939198
0496_01,0.45939198
0496_02,0.4957551
0497_01,0.9987033
0505_01,0.16952455
0508_01,0.09123142
0509_01,0.46380913
0511_01,0.12681758
0514_01,0.45939198
0524_01,0.9999999
0526_01,0.45939198
0530_01,0.03835286
0530_02,6.734473e-08
0530_03,0.99999994
0532_01,0.0050982567
0532_02,0.99999994
0535_01,0.5348461
0536_01,0.01023748
0536_02,0.16905582
0541_01,0.9999964
0543_01,0.45939198
0544_01,1.0
0554_01,0.031165484
0557_01,0.99526125
0557_02,0.9999566
0558_01,0.46072984
0562_01,0.4477616
0562_02,0.999873
0574_01,0.07703315
0578_01,0.45939198
0578_02,0.38767287
0584_01,0.45939198
0584_02,0.0015486327
0592_01,0.47617453
0595_01,0.45939198
0601_01,0.39952818
0604_01,0.38263026
0605_01,0.12347878
0606_01,0.5848158
0613_01,0.997608
0613_02,0.99958515
0616_01,0.009249392
0617_01,0.18600354
0620_01,0.017121043
0620_02,0.5894986
0620_03,0.9431691
0621_01,0.0895821
0622_01,2.9187097e-20
0624_01,0.983281
0625_01,0.99977344
0625_02,0.999951
0625_03,0.99999917
0626_01,0.99999964
0626_02,1.0
0626_03,0.9919268
0627_01,0.8508615
0632_01,0.12740469
0632_02,0.92284966
0632_03,0.45939198
0640_01,0.99997616
0640_02,1.0
0648_01,0.3448144
0648_02,0.25075415
0649_01,0.45939198
0651_01,0.9999878
0652_01,0.47937608
0652_02,0.45939198
0652_03,0.4708464
0652_04,0.53194463
0652_05,0.45939198
0654_01,0.4238017
0662_01,0.34679186
0666_01,0.45939198
0666_02,0.46093822
0667_01,0.430851
0670_01,0.083637126
0670_02,0.029753163
0673_01,0.69257367
0675_01,0.45939198
0676_01,0.622718
0681_01,0.45939198
0692_01,0.81910694
0694_01,0.46497822
0695_01,0.45947406
0698_01,0.17091718
0700_01,0.22261448
0706_01,0.6609536
0708_01,0.99678105
0708_02,0.9999994
0711_01,0.120140925
0716_01,0.11778299
0717_01,0.89280015
0717_02,0.4154308
0717_03,0.9987947
0717_04,0.9999926
0717_05,4.0039e-07
0717_06,0.0009034042
0717_07,0.9999851
0720_01,0.99306047
0720_02,0.31267312
0720_03,0.027120644
0721_01,0.4613171
0722_01,0.24315192
0723_01,0.24951252
0725_01,0.51763713
0730_01,0.8942609
0731_01,0.14942656
0731_02,0.45939198
0735_01,0.34579003
0739_01,0.51820195
0741_01,0.51608366
0742_01,0.4116411
0742_02,0.9999536
0744_01,0.9999997
0745_01,0.093425356
0747_01,0.10152663
0748_01,0.9694692
0748_02,0.008159069
0749_01,0.9992705
0751_01,0.99339426
0752_01,0.45939198
0755_01,0.99963903
0758_01,0.99250215
0758_02,1.0
0758_03,0.00038418313
0759_01,0.9991599
0759_02,3.958174e-05
0759_03,0.99948144
0760_01,0.1485458
0763_01,0.999954
0763_02,0.00026625363
0766_01,0.45939198
0774_01,0.44086665
0774_02,2.2998945e-06
0774_03,0.9353448
0775_01,0.99135494
0775_02,0.9997165
0775_03,0.99991524
0775_04,5.0009375e-18
0775_05,0.99995565
0775_06,1.0
0778_01,0.99997795
0778_02,0.8963207
0780_01,0.9999968
0783_01,0.21306878
0792_01,0.48139158
0800_01,5.563223e-10
0801_01,0.99928737
0803_01,0.2650997
0804_01,0.9999622
0807_01,0.01042385
0810_01,0.22233313
0812_01,0.45939198
0814_01,0.001317601
0821_01,0.9093742
0827_01,0.40000236
0827_02,0.45939198
0827_03,0.99998266
0831_01,0.2676104
0832_01,0.48450905
0837_01,0.99990195
0837_02,1.5112378e-05
0838_01,0.45939198
0838_02,0.10413746
0841_01,0.00247934
0842_01,0.45939198
0843_01,0.63131607
0844_01,0.45939198
0847_01,0.16462743
0852_01,1.0
0854_01,0.4669222
0855_01,0.99338365
0856_01,0.21022451
0857_01,0.9998399
0858_01,0.2955489
0858_02,0.9999895
0861_01,0.26395527
0862_01,0.45939198
0864_01,0.014429654
0864_02,0.99993783
0864_03,0.9999372
0866_01,0.9988955
0872_01,0.09662106
0880_01,0.5920838
0880_02,0.45939198
0882_01,0.9622951
0884_01,0.122750826
0884_02,0.51081717
0886_01,0.07389663
0886_02,0.9998623
0886_03,0.99998176
0887_01,5.4275442e-05
0887_02,0.008163292
0888_01,0.25243798
0888_02,0.7379141
0891_01,0.998053
0892_01,0.9999021
0892_02,0.9999999
0892_03,1.0
0894_01,0.99999785
0895_01,0.40039393
0896_01,0.41608083
0897_01,0.9999987
0897_02,0.9999999
0900_01,0.5131742
0908_01,0.45939198
0909_01,0.07816829
0909_02,0.99986976
0909_03,0.99911183
0914_01,6.509561e-11
0916_01,0.20082901
0917_01,0.45939198
0920_01,1.9076788e-08
0929_01,0.1710146
0934_01,0.14755182
0936_01,0.16848809
0937_01,0.45939198
0943_01,0.9941993
0943_02,0.9999363
0943_03,0.27460587
0945_01,0.34986037
0945_02,0.26591635
0948_01,0.17108957
0950_01,0.9950103
0954_01,0.38070315
0958_01,0.1491833
0959_01,0.5200863
0962_01,0.9979117
0963_01,0.9999999
0967_01,0.29031017
0973_01,0.12814641
0974_01,0.39893508
0977_01,0.4742526
0980_01,0.15543601
0981_01,0.16805221
0981_02,0.46318403
0986_01,1.889138e-21
0986_02,0.99997735
0996_01,0.26545867
0999_01,0.530805
0999_02,0.43579102
1003_01,0.11061382
1007_01,0.09769636
1009_01,0.029681625
1010_01,0.9914816
1016_01,4.5604597e-08
1021_01,0.56719035
1023_01,0.99256325
1028_01,0.4787423
1037_01,0.45939198
1039_01,0.18880752
1042_01,0.7298062
1044_01,0.52218974
1050_01,0.46537083
1055_01,0.3920302
1059_01,0.9997869
1059_02,0.999993
1061_01,0.9999676
1064_01,0.50938356
1064_02,0.45939198
1067_01,0.1794792
1069_01,1.0
1070_01,0.49982783
1072_01,0.6016624
1072_02,0.45939198
1072_03,0.45939198
1072_04,0.43050572
1072_05,0.31148607
1072_06,0.45939198
1072_07,0.5072808
1072_08,0.45939198
1073_01,0.12840936
1074_01,0.28010815
1074_02,0.8044697
1081_01,0.4085924
1087_01,0.79443043
1090_01,0.9999917
1090_02,1.7017025e-12
1092_01,0.69718504
1098_01,0.11434758
1101_01,0.42096978
1103_01,0.19476603
1104_01,0.99999774
1106_01,0.14427155
1106_02,0.99995434
1107_01,0.17944677
1109_01,0.23259746
1111_01,0.5289993
1111_02,0.45939198
1111_03,0.3072495
1118_01,0.01439982
1118_02,0.9999995
1118_03,0.9945287
1118_04,0.67005754
1118_05,0.00091098435
1119_01,0.26814002
1119_02,0.9999301
1120_01,0.93336767
1122_01,0.46271455
1124_01,0.99986863
1124_02,0.9995319
1124_03,0.3848265
1125_01,0.21778443
1125_02,0.46358874
1126_01,0.9967764
1128_01,0.99980444
1128_02,0.9993332
1131_01,0.9999998
1135_01,2.554827e-07
1135_02,0.99999315
1135_03,4.047215e-12
1135_04,0.9999993
1137_01,0.43739182
1137_02,0.07476166
1138_01,0.99999106
1139_01,0.51844466
1143_01,0.42107877
1145_01,0.9900723
1145_02,0.43589023
1145_03,0.0219675
1145_04,0.99557287
1151_01,0.46637824
1157_01,0.077957794
1158_01,0.45939198
1158_02,0.45939198
1159_01,0.48132592
1159_02,0.45939198
1159_03,0.7695596
1160_01,0.7872535
1164_01,0.36363867
1171_01,0.04421603
1172_01,0.9975481
1176_01,0.35775295
1181_01,0.12595087
1183_01,0.98954755
1183_02,0.77962846
1183_03,0.9999954
1184_01,0.9999474
1184_02,0.905684
1189_01,0.18243618
1194_01,0.020580342
1196_01,0.13966748
1196_02,0.31216457
1200_01,0.9999979
1201_01,2.9482706e-07
1201_02,0.99794614
1202_01,0.10531374
1204_01,0.47706395
1205_01,0.07700107
1207_01,0.45665446
1207_02,0.56525946
1207_03,0.45939198
1207_04,0.57876146
1209_01,0.0006174143
1209_02,0.27548844
1217_01,0.966344
1217_02,0.9999998
1219_01,0.07597343
1219_02,1.0
1224_01,0.9938557
1224_02,0.99988115
1226_01,0.9857887
1226_02,0.9999411
1227_01,0.99456984
1237_01,0.54028547
1241_01,0.22603993
1244_01,0.9960359
1245_01,0.6208322
1247_01,0.99971324
1249_01,0.14127955
1251_01,0.9999047
1252_01,0.12693131
1253_01,0.04584024
1257_01,0.9998539
1257_02,0.9999979
1257_03,1.0
1257_04,0.99793994
1262_01,0.4597703
1262_02,0.12959017
1265_01,0.46609595
1266_01,0.134167
1268_01,0.99990916
1270_01,1.0
1272_01,0.14807126
1275_01,0.1962102
1276_01,0.25155634
1277_01,0.22833478
1290_01,0.11480635
1296_01,0.24211922
1297_01,0.98832536
1298_01,0.35741752
1301_01,0.45939198
1301_02,0.45939198
1301_03,0.45939198
1303_01,0.4597173
1305_01,0.797659
1313_01,0.47153184
1314_01,0.06046605
1315_01,0.37090936
1318_01,0.99985576
1319_01,0.0017925962
1319_02,0.023448488
1320_01,0.54771245
1320_02,0.45939198
1320_03,0.45939198
1321_01,0.45939198
1321_02,0.99997497
1321_03,0.04038696
1321_04,0.3245653
1327_01,0.46263486
1329_01,0.20054293
1334_01,0.15913273
1338_01,0.9998481
1338_02,0.9901673
1339_01,0.45939198
1341_01,0.1682467
1341_02,0.45939198
1341_03,0.6190092
1343_01,4.2654014e-12
1343_02,0.97742754
1343_03,0.10144202
1344_01,0.20025222
1346_01,0.4472372
1349_01,0.45939198
1349_02,0.6918825
1354_01,0.24380116
1354_02,0.27201867
1354_03,0.9999992
1354_04,0.751615
1354_05,0.9980193
1354_06,0.9998657
1354_07,0.45939198
1358_01,0.99920696
1358_02,0.03146086
1359_01,0.2433128
1361_01,0.9977898
1361_02,0.1439101
1363_01,0.2558009
1364_01,0.19665435
1364_02,0.507823
1367_01,0.5559578
1369_01,0.46045452
1369_02,0.6085334
1369_03,0.45939198
1372_01,0.45939198
1373_01,0.45939198
1374_01,1.0
1388_01,0.48327735
1392_01,0.38635245
1394_01,0.48565674
1396_01,0.37825242
1405_01,0.24180704
1409_01,0.00077275623
1409_02,0.47279295
1411_01,0.493802
1418_01,0.53625476
1422_01,0.8696519
1422_02,8.548383e-05
1422_03,1.4348985e-14
1429_01,0.13376665
1432_01,0.07356196
1432_02,0.021997262
1436_01,0.5441663
1437_01,0.13115434
1441_01,0.19261183
1446_01,0.18038599
1448_01,0.39647034
1449_01,0.036426723
1456_01,0.109451555
1459_01,0.21682087
1464_01,0.15344304
1466_01,0.45939198
1468_01,0.43723434
1469_01,0.037028912
1469_02,0.06749467
1470_01,0.4718218
1471_01,0.45939198
1471_02,0.6306531
1471_03,0.45939198
1471_04,0.45939198
1471_05,0.45939198
1472_01,0.56534183
1473_01,0.2083341
1473_02,0.046864837
1475_01,0.36479184
1476_01,0.18492173
1477_01,0.45939198
1477_02,7.376777e-15
1480_01,0.45939198
1482_01,0.84466106
1483_01,0.92144877
1486_01,0.45939198
1487_01,0.50252163
1487_02,0.45939198
1492_01,1.1996619e-06
1492_02,0.8970867
1494_01,0.20848536
1495_01,0.12165741
1495_02,0.8313346
1496_01,0.45939198
1497_01,0.97164094
1497_02,0.9995092
1502_01,4.0874474e-07
1502_02,0.9999932
1502_03,0.99999213
1502_04,0.9999923
1504_01,0.12106546
1505_01,0.03456958
1508_01,0.092872925
1512_01,0.069076
1513_01,0.485223
1514_01,0.492978
1516_01,0.48435938
1517_01,0.162064
1518_01,2.304016e-08
1518_02,0.0024233933
1519_01,0.2022453
1522_01,0.86593455
1530_01,0.9553906
1534_01,0.05563387
1534_02,0.0101286145
1535_01,0.0039298953
1537_01,1.0
1538_01,0.10171057
1538_02,0.1362301
1546_01,0.5447613
1549_01,0.45939198
1553_01,0.8446925
1553_02,0.054634925
1554_01,0.59602326
1554_02,0.403414
1556_01,0.45939198
1557_01,1.0
1559_01,0.9999445
1559_02,0.9998166
1563_01,0.9999997
1566_01,0.9999496
1570_01,0.081687406
1571_01,0.33104447
1574_01,0.45939198
1575_01,0.45939198
1582_01,0.6274423
1582_02,0.45939198
1583_01,0.9709705
1586_01,0.29091486
1587_01,0.5000092
1587_02,0.7486422
1589_01,0.1891603
1591_01,1.4458213e-18
1591_02,1.0
1598_01,0.42448574
1598_02,0.99996275
1600_01,0.09979137
1605_01,0.17428805
1607_01,0.5261266
1609_01,0.054441966
1610_01,0.99205124
1616_01,0.6221702
1618_01,1.1211615e-14
1620_01,4.4083613e-12
1623_01,0.40660667
1627_01,0.45939198
1629_01,0.9954755
1629_02,0.99583405
1629_03,0.99999994
1629_04,0.9674951
1629_05,0.99999964
1629_06,1.0
1639_01,0.035718065
1641_01,0.9962838
1642_01,0.00023454851
1643_01,0.23859233
1648_01,0.9957801
1652_01,0.5361022
1654_01,0.086319044
1664_01,0.23348516
1665_01,0.9961143
1665_02,0.9998844
1667_01,0.13113739
1675_01,0.96693426
1678_01,0.14541766
1679_01,0.4821923
1680_01,1.5186123e-08
1680_02,0.99999994
1683_01,0.10144189
1684_01,0.17805578
1686_01,0.05315515
1689_01,0.9998706
1689_02,0.99968094
1689_03,0.9999281
1692_01,0.45939198
1693_01,0.26799017
1701_01,0.45939198
1702_01,0.40137202
1703_01,0.3872608
1706_01,0.22016786
1707_01,0.20306347
1716_01,0.06543245
1720_01,0.26192382
1722_01,0.16218247
1726_01,0.055951685
1726_02,0.99737054
1726_03,0.58040375
1732_01,0.45939198
1735_01,0.16523999
1737_01,0.16065325
1741_01,0.39554027
1741_02,0.45939198
1741_03,0.5878228
1743_01,0.047701877
1744_01,0.45939198
1750_01,0.75963366
1751_01,0.91607904
1751_02,0.9635254
1754_01,0.3732223
1756_01,0.29869574
1759_01,0.8658308
1765_01,0.45939198
1773_01,0.2262652
1777_01,1.0046781e-08
1777_02,0.9997049
1780_01,0.20459424
1784_01,0.22292985
1787_01,0.39960706
1788_01,0.15416744
1789_01,0.2204384
1790_01,0.45939198
1790_02,0.49772504
1791_01,0.96551037
1791_02,0.99960107
1793_01,0.022552516
1793_02,0.9967819
1794_01,0.23196091
1795_01,0.43262267
1801_01,0.4592503
1801_02,0.026720965
1809_01,0.45939198
1814_01,0.17274994
1814_02,0.45939198
1814_03,0.49753928
1815_01,0.9403232
1819_01,0.037537377
1820_01,0.45939198
1824_01,0.12441138
1825_01,0.31470284
1825_02,0.39027625
1830_01,0.45939198
1832_01,0.005278745
1835_01,0.99997616
1835_02,0.99999994
1837_01,0.9999995
1838_01,0.9899016
1839_01,0.20603894
1840_01,0.48699915
1842_01,0.18454993
1845_01,0.0016606837
1851_01,1.9066603e-06
1851_02,0.99999994
1852_01,0.999981
1852_02,0.99884385
1852_03,0.99999666
1852_04,0.99999994
1858_01,0.9995879
1862_01,0.23324172
1862_02,0.055428434
1862_03,0.54796624
1867_01,0.9999713
1869_01,0.19226532
1870_01,0.113810636
1875_01,0.44923115
1876_01,0.14863832
1883_01,0.45939198
1885_01,0.2248389
1893_01,0.92948294
1894_01,0.98737264
1895_01,0.06901402
1896_01,4.4677267e-06
1900_01,0.7694854
1904_01,0.015814265
1909_01,0.99969906
1909_02,0.9584125
1909_03,0.13100576
1910_01,0.56450903
1910_02,0.0001354376
1910_03,0.0070246486
1910_04,0.9685542
1912_01,0.4323349
1913_01,0.85730463
1913_02,0.9999257
1913_03,0.9998663
1914_01,0.45939198
1917_01,0.17111236
1919_01,0.21267621
1921_01,0.028058568
1921_02,7.946837e-05
1924_01,0.46702635
1929_01,0.12914439
1930_01,0.27611262
1932_01,0.034824774
1934_01,0.07180972
1936_01,0.033440396
1943_01,0.18457368
1944_01,0.16986315
1948_01,1.2054163e-15
1948_02,1.0
1949_01,0.08079078
1951_01,0.9999996
1951_02,2.0616599e-06
1954_01,0.05863308
1955_01,0.1231547
1958_01,0.0337151
1965_01,0.45939198
1966_01,0.75108755
1970_01,0.14077002
1972_01,0.14484236
1982_01,0.023287803
1986_01,0.9504279
1987_01,0.36600652
1989_01,0.50519454
1990_01,0.98118716
1990_02,0.999593
1998_01,0.070666485
2002_01,0.975366
2004_01,0.4596767
2005_01,0.1441921
2005_02,0.45939198
2008_01,0.26844454
2014_01,0.9985177
2016_01,0.89181197
2016_02,0.0036695302
2017_01,0.24679771
2017_02,0.010710999
2018_01,0.45939198
2020_01,0.99843234
2021_01,0.45939198
2023_01,0.26556653
2023_02,0.45939198
2023_03,0.45939198
2025_01,2.7913255e-10
2030_01,0.33642697
2031_01,0.2835738
2033_01,0.22515799
2035_01,0.07025183
2035_02,0.99999523
2036_01,0.48227552
2036_02,0.5395194
2036_03,0.5241393
2037_01,0.9705617
2037_02,3.4637464e-09
2039_01,0.9928269
2039_02,0.99998623
2039_03,0.99999154
2047_01,0.45939198
2048_01,0.4113389
2049_01,0.45939198
2050_01,0.21003337
2057_01,0.5818664
2057_02,0.45939198
2057_03,0.4189032
2057_04,0.49677074
2057_05,0.12978844
2058_01,0.14254875
2064_01,0.9991339
2068_01,0.9409498
2068_02,0.99507946
2068_03,0.984822
2068_04,0.012384997
2068_05,0.9321494
2069_01,0.1642478
2072_01,0.10375846
2072_02,0.119566925
2076_01,0.9990673
2077_01,0.17790565
2078_01,0.99951285
2079_01,0.45939198
2079_02,0.4310697
2079_03,0.09337319
2093_01,0.2898311
2098_01,0.41799763
2101_01,0.50267917
2101_02,0.48250696
2103_01,0.11202157
2108_01,0.10039039
2108_02,0.34975958
2109_01,0.45939198
2113_01,0.470684
2119_01,0.16353312
2119_02,0.5176744
2122_01,0.6433334
2132_01,0.45939198
2146_01,0.993927
2146_02,0.9999937
2151_01,0.45939198
2155_01,0.6995735
2157_01,0.15857829
2160_01,0.03914243
2160_02,0.99999917
2160_03,0.99999183
2165_01,0.47247154
2166_01,0.29222223
2169_01,0.096342534
2170_01,0.20376989
2174_01,0.13082367
2176_01,0.48655942
2178_01,0.15750168
2181_01,0.17724301
2184_01,0.9999996
2184_02,0.96258557
2185_01,0.99999845
2192_01,0.12936907
2197_01,0.3722245
2199_01,0.36706695
2208_01,0.26787102
2213_01,0.1467027
2214_01,0.08904089
2216_01,0.41630518
2217_01,0.101737946
2218_01,0.6072369
2222_01,0.9992274
2226_01,0.19417587
2227_01,0.99946076
2230_01,0.45939198
2236_01,0.7156066
2240_01,0.46980152
2240_02,0.2097996
2240_03,0.53100514
2242_01,0.50555897
2244_01,0.93628633
2245_01,0.87489676
2245_02,0.9969981
2246_01,0.5671936
2246_02,0.0024835863
2247_01,0.06684966
2248_01,0.12275198
2249_01,0.5881623
2250_01,0.18176284
2259_01,0.52058315
2259_02,0.99999416
2260_01,0.9999953
2265_01,0.18957424
2271_01,4.5506618e-14
2276_01,0.45939198
2276_02,0.08303043
2283_01,0.089819856
2285_01,0.065775335
2286_01,0.0944687
2290_01,0.45939198
2292_01,0.45939198
2293_01,0.99938536
2294_01,0.9998774
2297_01,0.19398715
2304_01,0.45939198
2307_01,0.5133146
2307_02,0.4883258
2307_03,0.59630346
2307_04,0.8171375
2307_05,0.45939198
2322_01,0.08953261
2323_01,0.1054202
2324_01,0.22935918
2326_01,0.45939198
2328_01,0.18416148
2330_01,0.2312033
2331_01,0.9999422
2334_01,0.14134774
2335_01,0.45939198
2337_01,0.46680212
2342_01,0.042360667
2343_01,0.999774
2343_02,0.45939198
2344_01,0.00013650802
2344_02,0.9999962
2346_01,0.24845897
2350_01,0.17382886
2350_02,0.15775041
2350_03,0.9999995
2351_01,0.25040445
2351_02,0.12953077
2352_01,0.21514061
2354_01,0.0012185855
2355_01,0.9998178
2355_02,0.9999999
2355_03,0.09716007
2355_04,0.9999999
2358_01,0.21614434
2359_01,0.23726436
2362_01,0.4105735
2370_01,0.45939198
2370_02,0.45939198
2370_03,0.11051657
2370_04,0.5227986
2371_01,0.49470446
2372_01,0.21046203
2378_01,0.08433394
2378_02,0.9999994
2380_01,7.4829515e-10
2380_02,0.99955016
2381_01,0.45939198
2383_01,0.01638836
2383_02,0.14431216
2386_01,0.99895054
2388_01,0.055929005
2388_02,0.6334121
2393_01,0.14335315
2394_01,0.4505232
2394_02,0.50527775
2394_03,0.31495166
2400_01,0.19878817
2405_01,0.18810023
2407_01,0.850377
2408_01,0.13477507
2415_01,0.9800352
2418_01,0.030288896
2420_01,0.10789943
2422_01,1.2877566e-18
2422_02,1.0
2425_01,0.45939198
2425_02,0.5924499
2425_03,0.77610546
2425_04,0.50112927
2425_05,0.45939198
2425_06,0.45939198
2428_01,0.2750101
2430_01,0.45939198
2430_02,0.45939198
2430_03,0.4581103
2434_01,0.45957673
2434_02,0.36283892
2437_01,0.0049778656
2440_01,0.3934246
2447_01,0.18689428
2448_01,0.999807
2448_02,0.99999297
2450_01,0.028850105
2459_01,0.7625544
2464_01,0.042267676
2465_01,0.3902775
2468_01,0.9998757
2469_01,0.99835724
2469_02,0.48903137
2473_01,0.13141346
2481_01,0.49451172
2481_02,0.19351445
2482_01,0.0037582014
2482_02,7.168197e-05
2484_01,0.99948895
2484_02,0.35152608
2485_01,0.020138307
2487_01,0.9932414
2487_02,0.9999866
2487_03,0.1497604
2490_01,0.20546591
2493_01,0.0020471904
2493_02,1.2512303e-18
2494_01,0.9999714
2494_02,2.4315454e-11
2495_01,0.28390208
2501_01,0.9999993
2504_01,0.51620305
2507_01,0.49688217
2511_01,0.6627807
2514_01,0.49807596
2517_01,0.99956644
2525_01,0.19552103
2529_01,0.11995695
2533_01,0.16512318
2536_01,0.9995912
2538_01,0.9999478
2538_02,0.99980104
2539_01,0.49188077
2543_01,0.72408533
2554_01,0.66913044
2556_01,0.9997896
2563_01,0.49171445
2566_01,0.20119146
2567_01,0.45939198
2567_02,0.9999992
2568_01,0.74912226
2569_01,0.6142558
2570_01,0.49263635
2575_01,0.9992649
2576_01,0.9996401
2577_01,0.48815966
2577_02,0.48244753
2579_01,0.1525487
2583_01,0.4958338
2585_01,0.9963715
2586_01,0.5055447
2587_01,0.99730724
2587_02,0.99998534
2600_01,0.7122177
2603_01,0.4777979
2603_02,0.6653846
2604_01,0.60389996
2608_01,0.4864916
2610_01,0.11082369
2611_01,0.1694411
2612_01,0.23886131
2613_01,0.5470052
2614_01,0.14311182
2615_01,0.6252181
2620_01,0.8030067
2621_01,1.9220271e-13
2623_01,0.18622965
2630_01,0.13277286
2630_02,0.48952553
2630_03,0.4890627
2632_01,0.14471242
2637_01,0.10393732
2637_02,0.48796442
2637_03,0.5079044
2639_01,0.9997336
2644_01,0.15957566
2653_01,0.4260562
2654_01,0.006906879
2656_01,0.99999404
2665_01,0.009363579
2667_01,0.9999475
2667_02,0.0002937885
2667_03,0.0004395319
2667_04,0.9999792
2667_05,1.0
2669_01,0.18492903
2673_01,0.93673193
2674_01,0.4432152
2674_02,0.47966293
2680_01,1.23950624e-17
2681_01,0.67255354
2686_01,0.13673665
2689_01,0.0026112443
2694_01,0.99786055
2694_02,1.0
2696_01,0.99922395
2699_01,0.053273674
2705_01,0.82123053
2710_01,0.9999986
2710_02,1.0
2711_01,0.99766237
2715_01,0.07433777
2715_02,0.14218515
2716_01,0.10565823
2716_02,1.0
2719_01,0.074988246
2719_02,0.99999744
2719_03,0.005471827
2728_01,0.64487934
2731_01,0.49251437
2733_01,0.23797831
2735_01,0.22184035
2742_01,0.67611986
2744_01,0.56878895
2749_01,0.48978862
2757_01,0.10411034
2761_01,0.18812762
2761_02,0.97348845
2766_01,0.8780333
2767_01,0.2134824
2771_01,0.18464115
2775_01,0.60954803
2776_01,0.45511413
2777_01,0.9906293
2779_01,0.21114656
2782_01,0.017254796
2791_01,0.1654302
2794_01,0.04930004
2794_02,0.27457148
2794_03,0.9408106
2794_04,0.9999994
2794_05,0.0010231598
2794_06,0.9999834
2794_07,0.9999244
2800_01,0.5772358
2803_01,0.9999963
2804_01,0.4990592
2808_01,0.9996322
2808_02,0.9999927
2815_01,0.16225983
2815_02,0.48852643
2815_03,0.82657146
2816_01,0.9999999
2827_01,0.57158047
2828_01,0.20883861
2829_01,0.49773118
2830_01,0.6245494
2833_01,0.5929309
2836_01,1.0
2841_01,0.06794351
2842_01,0.50904596
2844_01,0.2059517
2845_01,0.9997968
2845_02,0.9998262
2848_01,0.86082876
2848_02,0.99973285
2848_03,0.9998038
2849_01,0.1285005
2850_01,0.9947189
2850_02,0.99999535
2850_03,0.07241566
2850_04,0.9999784
2851_01,0.15800095
2855_01,0.9999973
2864_01,0.08739152
2868_01,0.5822457
2868_02,0.48234263
2868_03,0.58698773
2868_04,0.48067984
2874_01,0.053736847
2879_01,0.14722313
2885_01,0.034742385
2886_01,0.064173535
2889_01,0.35932872
2895_01,0.99999845
2896_01,0.10853881
2898_01,0.9995867
2898_02,0.99978507
2903_01,0.4963233
2904_01,0.16033503
2904_02,0.99706656
2911_01,0.50143075
2914_01,0.9965931
2915_01,0.9997649
2916_01,0.9988393
2917_01,0.22752467
2918_01,0.008671795
2921_01,0.18402448
2922_01,0.8009169
2923_01,0.9913907
2924_01,0.038946766
2931_01,0.5123438
2931_02,0.21130545
2932_01,0.9999992
2933_01,0.16965131
2937_01,0.14754844
2939_01,0.52346826
2946_01,0.24084647
2946_02,0.26490268
2946_03,0.45939198
2946_04,0.12291399
2947_01,0.5127808
2951_01,0.20573193
2952_01,0.12404707
2955_01,0.18556173
2957_01,0.51384866
2963_01,0.41003907
2967_01,0.6350882
2973_01,0.072715454
2974_01,0.17223494
2976_01,0.9999795
2976_02,0.9999998
2976_03,0.9999999
2976_04,5.761424e-11
2977_01,0.21162362
2977_02,0.4500622
2977_03,0.4279444
2978_01,0.1925525
2980_01,0.17521463
2981_01,0.6101388
2985_01,0.8595629
2987_01,0.5227568
2989_01,0.4008889
2991_01,0.007264397
2997_01,0.99965316
2997_02,3.2767337e-06
2997_03,0.0699407
2997_04,0.99999225
2999_01,0.50302005
3002_01,0.20573829
3007_01,0.19616273
3008_01,0.9993137
3008_02,6.280016e-07
3008_03,0.999424
3008_04,0.65972984
3008_05,0.99999964
3008_06,0.99999994
3011_01,0.5099166
3016_01,0.45939198
3016_02,0.48043346
3016_03,0.5575085
3016_04,0.09272168
3017_01,0.9992051
3028_01,0.50689375
3031_01,0.9999265
3035_01,0.07023926
3037_01,0.9998093
3037_02,0.9986555
3041_01,0.45279303
3043_01,0.4849606
3046_01,0.5772779
3049_01,0.10258771
3051_01,0.00052013365
3052_01,0.023060763
3056_01,0.4999635
3057_01,0.8975299
3058_01,0.13615163
3059_01,0.9994962
3069_01,0.27446753
3072_01,0.999576
3074_01,0.8764068
3075_01,0.65985066
3077_01,0.9999986
3077_02,1.0
3078_01,1.324336e-29
3078_02,1.0442593e-31
3078_03,0.99998075
3078_04,7.946465e-15
3086_01,0.61031103
3089_01,0.45939198
3094_01,0.5231166
3097_01,0.999392
3098_01,0.03858721
3101_01,0.0032668405
3105_01,0.9771746
3105_02,0.44687247
3105_03,0.99984634
3106_01,0.9252405
3107_01,0.48144302
3108_01,0.51252276
3109_01,0.4463536
3115_01,0.76601315
3122_01,0.22512159
3122_02,0.087055095
3125_01,0.06717558
3125_02,0.07390253
3127_01,0.9999725
3129_01,0.4634751
3135_01,0.15085773
3137_01,0.94324684
3139_01,0.4816165
3141_01,0.99985033
3144_01,0.21499534
3146_01,0.23768952
3148_01,0.93198866
3148_02,0.32504845
3150_01,0.4162904
3151_01,0.9999152
3153_01,0.155615
3153_02,0.96299785
3154_01,0.50818896
3155_01,0.9999451
3155_02,0.56002086
3156_01,0.38766494
3157_01,0.115901776
3160_01,0.11505625
3165_01,0.14874418
3167_01,0.54263395
3170_01,0.519745
3173_01,0.51453054
3177_01,0.19957383
3178_01,0.99896413
3183_01,0.29119456
3186_01,0.99965346
3187_01,0.40734348
3190_01,0.076151684
3190_02,0.50173855
3194_01,0.3801426
3198_01,0.0003738707
3199_01,0.9763341
3202_01,0.5409229
3207_01,0.053504657
3208_01,0.0009523627
3214_01,0.9998313
3222_01,0.15939793
3226_01,0.9998637
3228_01,0.108583346
3231_01,0.9458452
3233_01,0.6392057
3234_01,0.14328696
3242_01,0.030555844
3244_01,0.80507976
3244_02,0.9993467
3244_03,0.9998138
3245_01,0.79576254
3245_02,0.12102774
3246_01,0.908843
3249_01,0.18735668
3249_02,0.45939198
3250_01,0.2255643
3251_01,0.18899441
3257_01,0.9998635
3261_01,0.0020268364
3263_01,0.9998366
3264_01,0.051673133
3265_01,8.7274086e-05
3265_02,0.9997751
3265_03,0.99999994
3265_04,0.9969523
3266_01,0.43028763
3267_01,0.9950231
3277_01,0.0007567826
3278_01,0.99873143
3281_01,0.99995446
3285_01,0.0003241091
3285_02,0.48034367
3286_01,0.33978727
3288_01,0.9988395
3290_01,0.9998841
3290_02,0.0014498506
3291_01,0.5927491
3302_01,0.13694699
3303_01,0.18849237
3306_01,0.0035613074
3307_01,0.9681461
3316_01,0.9777902
3320_01,2.6008126e-07
3320_02,4.224343e-05
3321_01,0.99985456
3333_01,0.44628325
3334_01,0.8072948
3335_01,0.0893093
3340_01,0.0068073436
3341_01,0.9998598
3341_02,1.3899742e-22
3344_01,0.9999775
3344_02,0.9999998
3345_01,0.9204811
3345_02,0.37931243
3345_03,0.94649476
3346_01,0.008409872
3347_01,0.99999803
3347_02,3.0963678e-05
3351_01,0.820667
3351_02,0.76424664
3354_01,0.0011636629
3355_01,0.6640469
3356_01,0.47446224
3358_01,0.22685382
3362_01,0.45939198
3362_02,0.4213418
3366_01,0.99999416
3367_01,0.74562377
3368_01,0.5115229
3368_02,0.8799805
3368_03,0.0016099011
3368_04,0.90763557
3368_05,0.56054497
3368_06,0.0006430308
3368_07,0.020439522
3369_01,3.891681e-11
3373_01,0.5255692
3374_01,0.09228641
3375_01,0.13564014
3376_01,0.9517089
3378_01,0.26389965
3379_01,0.93711305
3385_01,0.8757278
3388_01,0.99999785
3393_01,0.49791673
3398_01,0.5985282
3399_01,0.076361544
3400_01,0.53112763
3407_01,0.4424156
3407_02,0.3173014
3411_01,0.2930542
3411_02,0.341837
3411_03,0.13482107
3411_04,0.0011725755
3411_05,0.9999694
3411_06,0.9999883
3411_07,0.045495484
3414_01,0.0041759927
3416_01,4.3764165e-16
3427_01,0.5162414
3429_01,0.9976207
3435_01,0.12231204
3436_01,0.9198906
3448_01,0.22626182
3448_02,0.8707365
3451_01,0.12628074
3452_01,0.34970322
3457_01,0.8251557
3460_01,0.14412504
3463_01,0.7252257
3466_01,0.12264755
3471_01,1.3562013e-07
3472_01,0.4413505
3477_01,2.978301e-14
3477_02,0.98529387
3479_01,0.21796194
3481_01,0.011162231
3482_01,0.010247046
3482_02,0.7181959
3493_01,0.7285948
3494_01,1.3563994e-09
3494_02,0.9999999
3498_01,0.31183985
3500_01,0.43773308
3502_01,0.13000484
3503_01,0.42953572
3505_01,0.17880031
3507_01,0.8727197
3508_01,0.45939198
3508_02,0.9937583
3509_01,0.99999994
3509_02,0.036875747
3510_01,0.6057551
3513_01,0.99999493
3513_02,0.9999957
3513_03,0.5464374
3513_04,0.99999994
3516_01,0.09200951
3517_01,0.97822976
3522_01,0.77259624
3524_01,0.21283907
3526_01,0.027138941
3529_01,0.9984965
3532_01,0.99990296
3538_01,2.0681017e-15
3541_01,0.1345546
3544_01,0.29881248
3544_02,0.61889386
3545_01,0.3041712
3549_01,1.5854837e-05
3549_02,1.0
3551_01,0.21347195
3554_01,0.19088273
3557_01,0.22954662
3571_01,0.7246778
3574_01,0.39986762
3575_01,5.246955e-07
3580_01,0.9999167
3580_02,1.0
3581_01,0.69545555
3583_01,0.23224835
3585_01,0.74406517
3587_01,0.9159765
3587_02,0.20823863
3587_03,0.56805
3589_01,0.12584731
3589_02,0.45982593
3589_03,0.94908834
3589_04,0.893006
3589_05,0.030649949
3589_06,0.46885112
3589_07,0.5017073
3590_01,0.21028991
3593_01,0.45939198
3599_01,0.61151457
3601_01,0.08329965
3601_02,0.4962622
3601_03,0.5848038
3601_04,0.5841882
3601_05,0.38335997
3601_06,0.0018825477
3601_07,0.5434856
3603_01,0.9996963
3603_02,0.99999845
3604_01,0.52418244
3611_01,0.53066075
3617_01,0.33962202
3617_02,0.45939198
3617_03,0.057533406
3618_01,0.83894837
3618_02,1.7271863e-11
3618_03,0.9976255
3618_04,0.0026985456
3621_01,0.06799103
3621_02,0.14009717
3623_01,0.73996645
3627_01,1.0
3632_01,0.39651662
3633_01,0.5777289
3635_01,0.86296976
3635_02,0.34611666
3637_01,0.045096837
3638_01,0.24007295
3643_01,0.8177833
3646_01,0.7672169
3646_02,0.99244547
3649_01,0.09305566
3651_01,0.9999961
3656_01,0.9594321
3656_02,0.00023650716
3657_01,0.99411917
3657_02,0.9999781
3657_03,0.0035446503
3659_01,0.45939198
3659_02,0.45939198
3659_03,0.61315954
3659_04,0.45939198
3659_05,0.048784006
3659_06,0.49522543
3659_07,0.731879
3661_01,0.21230729
3663_01,0.9996105
3666_01,0.8868301
3669_01,0.46063694
3670_01,0.85886085
3672_01,0.2796591
3672_02,0.5531322
3673_01,0.4326174
3675_01,0.51398337
3675_02,0.9683159
3675_03,0.90571356
3676_01,0.99999756
3683_01,0.9908254
3683_02,0.9894013
3684_01,0.6090287
3684_02,0.46292213
3685_01,0.87646943
3687_01,1.0
3689_01,0.19932723
3694_01,0.78072244
3695_01,0.19911319
3696_01,0.9986565
3697_01,0.075170405
3698_01,0.19276597
3701_01,0.9992997
3701_02,0.9778324
3701_03,0.9999986
3709_01,0.89314526
3712_01,0.81492174
3712_02,0.9611857
3712_03,0.6865288
3712_04,0.59353673
3712_05,0.9546508
3717_01,0.18353258
3717_02,0.78861636
3718_01,0.99988437
3720_01,0.9986958
3720_02,0.99959725
3720_03,0.99997574
3721_01,0.0003056399
3722_01,0.27285132
3723_01,0.32807976
3725_01,0.7470993
3727_01,0.23731934
3730_01,0.999349
3731_01,0.77207685
3738_01,0.8639033
3740_01,0.23804823
3746_01,0.40050343
3746_02,0.45939198
3746_03,0.661355
3746_04,0.45939198
3762_01,0.45939198
3763_01,0.18026584
3764_01,0.5314243
3764_02,0.48979285
3766_01,0.9998191
3766_02,0.99995846
3780_01,0.9999588
3782_01,0.19861582
3782_02,1.0975354e-05
3791_01,4.315007e-08
3792_01,0.5759194
3794_01,0.6800957
3799_01,0.49039024
3800_01,0.17867357
3802_01,0.12545231
3806_01,0.6793344
3808_01,0.59656316
3809_01,0.064496666
3809_02,0.45939198
3813_01,0.5185428
3819_01,0.1643836
3825_01,0.18122362
3827_01,0.32450852
3828_01,0.9999997
3828_02,0.0030769904
3828_03,0.995136
3829_01,0.60394096
3829_02,0.90796924
3833_01,0.99996734
3834_01,0.75312334
3837_01,0.17731638
3840_01,0.0059078652
3843_01,0.8792145
3844_01,0.8849334
3844_02,0.9999992
3845_01,0.4170644
3855_01,0.80833995
3858_01,0.95786476
3858_02,0.8338588
3858_03,0.00013225479
3858_04,1.6377113e-05
3859_01,0.99989825
3860_01,0.99961275
3861_01,0.09846735
3863_01,0.54092467
3865_01,0.8509334
3869_01,0.46122518
3876_01,0.9999865
3876_02,0.904718
3876_03,0.99999934
3877_01,0.19443382
3878_01,0.06262211
3880_01,0.45939198
3881_01,0.26729578
3882_01,0.9999919
3884_01,0.016786795
3885_01,0.14386937
3887_01,0.9999999
3889_01,0.90978676
3889_02,0.94380414
3891_01,0.50346345
3892_01,0.52818453
3892_02,0.21973874
3893_01,0.0018144293
3893_02,0.9999479
3893_03,0.2216407
3900_01,0.13594083
3901_01,0.7407316
3902_01,0.99994063
3905_01,0.7603607
3906_01,2.0733939e-08
3906_02,0.20520554
3908_01,0.45647877
3908_02,0.45939198
3910_01,0.6870227
3914_01,0.08952114
3918_01,0.20051037
3920_01,0.113558546
3925_01,0.00021291312
3925_02,0.080697484
3929_01,0.8112228
3934_01,0.9998637
3934_02,0.33413363
3943_01,0.9192092
3943_02,0.86821437
3943_03,0.26636824
3947_01,0.23644973
3951_01,0.16232313
3953_01,0.53303343
3956_01,0.24670471
3957_01,0.531949
3965_01,0.23031934
3969_01,0.1769392
3972_01,0.99999994
3975_01,0.22228481
3978_01,0.75550646
3979_01,1.3442978e-07
3982_01,0.13878669
3983_01,0.2541882
3989_01,0.95523626
3989_02,0.95289916
3989_03,0.6624519
3989_04,0.5043817
3990_01,0.96294135
3993_01,0.16284364
4004_01,0.12089856
4007_01,0.02894834
4011_01,0.6505993
4012_01,1.0
4012_02,0.9999995
4015_01,0.9984305
4015_02,0.037422795
4024_01,1.0
4025_01,0.92982846
4028_01,0.49892417
4029_01,0.99991024
4041_01,0.9117726
4048_01,0.9973475
4048_02,0.99999356
4048_03,0.9991019
4051_01,0.9502758
4052_01,0.999994
4054_01,0.9999747
4054_02,0.9999998
4054_03,0.37297267
4056_01,0.19231594
4057_01,0.122091
4059_01,0.98625237
4059_02,0.0035313612
4062_01,2.1288785e-13
4067_01,0.41712916
4070_01,0.9999633
4070_02,1.0
4070_03,0.9426645
4073_01,0.16323356
4073_02,0.82322663
4074_01,0.28328732
4077_01,6.1748096e-08
4085_01,0.4693288
4086_01,0.26042154
4086_02,0.82597494
4086_03,0.45939198
4087_01,0.28662568
4088_01,0.7201437
4092_01,0.7110668
4094_01,2.004882e-07
4094_02,2.5936843e-15
4100_01,0.9999994
4105_01,0.48044017
4111_01,0.9662208
4117_01,0.21649271
4118_01,0.0046752207
4119_01,0.91892046
4121_01,7.0781765e-22
4122_01,0.50519145
4123_01,0.097556524
4124_01,0.68894005
4126_01,0.0008138476
4133_01,0.9976427
4133_02,0.9999738
4136_01,0.9155046
4136_02,0.002077919
4138_01,0.0022087672
4139_01,0.18770267
4146_01,0.45448196
4148_01,0.5225065
4153_01,0.15947188
4155_01,0.9999997
4157_01,0.24856226
4161_01,0.59537137
4162_01,0.93825984
4164_01,0.9960368
4180_01,0.99999726
4180_02,4.855587e-05
4187_01,0.15676424
4190_01,1.0
4192_01,0.23256765
4193_01,0.69036824
4195_01,0.2372442
4198_01,0.99904746
4200_01,0.37770724
4201_01,0.2697259
4202_01,0.99960226
4202_02,0.0019309648
4209_01,0.0047166967
4217_01,0.40412936
4224_01,0.011952221
4224_02,0.64026463
4226_01,0.696883
4226_02,3.7182755e-07
4227_01,0.9058641
4228_01,0.1443192
4234_01,0.11394364
4234_02,0.004029549
4235_01,0.13000914
4235_02,0.8651015
4236_01,0.4830442
4236_02,0.9999929
4241_01,0.52511656
4247_01,0.92358756
4247_02,0.09679624
4248_01,0.1558255
4248_02,0.33070803
4250_01,0.53334415
4263_01,0.25592098
4263_02,0.5699798
4263_03,0.8120079
4265_01,0.9999988
4268_01,0.99240196
4268_02,0.99999946
4269_01,0.47675258
4275_01,0.20927382
4276_01,0.078848764
4277_01,0.3252775
4279_01,0.14028814
4281_01,0.15995394
4282_01,0.99999994
4283_01,0.53269506
4284_01,0.99979156
4284_02,0.1882296
4285_01,0.8095032
4286_01,0.4838137
4286_02,0.23766154
4286_03,0.3748134
4287_01,0.64256364
4288_01,0.9698606
4288_02,0.24402523
4290_01,0.13849819
4298_01,0.32530382
4298_02,0.999904
4298_03,0.9999827
4299_01,0.16664495
4304_01,0.13364589
4307_01,0.99991304
4308_01,0.52346694
4310_01,0.047271937
4313_01,0.5153624
4314_01,0.4922756
4321_01,0.99991304
4322_01,0.8414071
4323_01,0.99620354
4323_02,0.04342355
4323_03,0.71444404
4323_04,0.99999166
4325_01,0.7330462
4326_01,0.25563055
4328_01,0.5223341
4331_01,0.52872664
4341_01,0.55613816
4341_02,0.45939198
4342_01,0.22074643
4353_01,0.42464697
4355_01,0.5300936
4363_01,0.70671713
4374_01,0.2181855
4375_01,0.99991804
4377_01,0.9577997
4377_02,0.3784704
4377_03,0.7791492
4378_01,0.00010178743
4378_02,0.023294719
4379_01,0.97032934
4380_01,0.1115793
4381_01,0.95991606
4381_02,0.17496708
4384_01,0.94545114
4385_01,0.73176646
4385_02,0.9390513
4385_03,0.916704
4389_01,0.12445947
4394_01,0.13982405
4398_01,0.28406218
4406_01,0.3228347
4412_01,0.048206963
4414_01,0.9998695
4417_01,0.9998677
4418_01,0.2123035
4419_01,0.17692937
4419_02,0.19235949
4420_01,0.21135573
4420_02,0.8187395
4421_01,0.20449552
4423_01,0.00015074281
4425_01,0.99997693
4425_02,1.0
4434_01,0.00582195
4435_01,0.975036
4435_02,0.9936677
4439_01,0.47427312
4439_02,0.4719381
4442_01,1.0
4443_01,0.48903674
4443_02,0.73887444
4454_01,0.9999968
4455_01,0.14686286
4455_02,0.17139888
4455_03,0.9400732
4458_01,0.522759
4460_01,0.9923215
4468_01,0.92075396
4471_01,0.17783406
4478_01,0.11470048
4480_01,0.45599583
4481_01,0.13491724
4484_01,0.22430573
4488_01,0.1954686
4489_01,0.012363592
4495_01,0.0010574048
4499_01,0.52926886
4503_01,0.24463466
4504_01,0.995341
4507_01,0.017950054
4513_01,0.42371082
4519_01,0.588699
4520_01,0.22686258
4523_01,0.9299905
4523_02,0.9011061
4523_03,0.45939198
4523_04,0.45939198
4523_05,0.47628012
4523_06,0.96181494
4525_01,0.0014597847
4526_01,0.6775317
4527_01,0.12951162
4528_01,0.5580293
4536_01,0.016763758
4540_01,0.9870726
4541_01,0.00071664277
4545_01,0.19280657
4548_01,0.9999913
4551_01,0.99865735
4551_02,1.0
4551_03,0.9999972
4551_04,0.99999946
4554_01,0.023216605
4556_01,0.27008966
4566_01,0.19091427
4578_01,0.120848216
4579_01,0.9593734
4582_01,0.95332175
4582_02,0.5309551
4582_03,0.6095866
4582_04,0.6591538
4582_05,0.6465548
4582_06,0.45939198
4582_07,0.45939198
4583_01,0.99983513
4583_02,0.99999845
4583_03,0.5884205
4584_01,0.305216
4588_01,0.19440182
4589_01,0.3077177
4590_01,0.24868752
4598_01,0.030363565
4599_01,0.96996367
4600_01,0.6701797
4600_02,0.49522883
4601_01,0.18426372
4614_01,0.45939198
4614_02,0.13242747
4616_01,0.2900267
4618_01,0.25796247
4619_01,0.9997856
4626_01,0.9999984
4626_02,0.46404743
4627_01,0.12056373
4629_01,0.6801526
4636_01,0.7025002
4639_01,0.9871826
4639_02,0.9580287
4639_03,7.471687e-13
4639_04,4.9419174e-07
4639_05,0.9999999
4639_06,0.999917
4647_01,0.9620251
4660_01,0.9891748
4666_01,0.45815244
4669_01,0.99999875
4670_01,0.39041734
4671_01,0.9775024
4671_02,0.7454419
4671_03,0.8298431
4671_04,0.9979563
4674_01,0.09959232
4675_01,0.6213343
4675_02,5.1078153e-15
4681_01,1.2972576e-14
4682_01,0.44959083
4683_01,0.99802494
4683_02,0.58319306
4685_01,0.99985343
4687_01,0.09109526
4688_01,0.43788874
4692_01,9.274239e-06
4697_01,0.99988586
4698_01,0.99990374
4700_01,0.9999398
4701_01,0.99152017
4701_02,0.9999998
4701_03,0.99999803
4701_04,0.99999565
4702_01,0.84169483
4702_02,0.41742328
4703_01,0.99991626
4703_02,0.99999994
4705_01,0.9915512
4705_02,0.45939198
4707_01,0.043937013
4707_02,0.32928714
4715_01,0.9948402
4716_01,0.7895392
4718_01,0.9999987
4722_01,0.25012985
4724_01,0.9999891
4727_01,0.28354162
4727_02,0.57598966
4729_01,0.0012993335
4731_01,0.5312482
4734_01,0.031604555
4735_01,0.27427414
4736_01,0.99990857
4737_01,0.46252638
4740_01,0.97502774
4742_01,0.1733641
4745_01,0.52369785
4747_01,0.9999983
4747_02,0.10019346
4749_01,0.08917413
4751_01,0.18768772
4760_01,0.67314136
4761_01,0.84581363
4761_02,0.5092238
4761_03,0.7837947
4765_01,0.52949494
4766_01,0.99988014
4767_01,0.5439271
4768_01,0.57638896
4768_02,0.999962
4771_01,0.9183017
4776_01,0.99858695
4776_02,0.032187704
4776_03,0.9999906
4776_04,0.99647677
4779_01,0.041395165
4781_01,0.17320698
4789_01,0.43788546
4799_01,0.06890849
4799_02,0.42711353
4799_03,0.45087665
4800_01,0.27178356
4802_01,0.49693176
4802_02,0.30176562
4805_01,0.76445234
4806_01,0.41212085
4809_01,0.006097496
4811_01,0.86793196
4812_01,0.9892554
4816_01,0.37352332
4820_01,0.9999999
4820_02,4.9582526e-11
4821_01,0.15134704
4824_01,0.9843051
4825_01,0.99984986
4826_01,0.8658355
4833_01,1.2995542e-09
4833_02,0.50816995
4834_01,0.97580135
4835_01,0.048991024
4839_01,0.00711795
4843_01,0.1994884
4843_02,0.038527854
4844_01,0.4010259
4849_01,0.9988045
4852_01,0.70382804
4854_01,0.99987376
4855_01,0.6885539
4855_02,0.5091188
4858_01,0.120318495
4859_01,0.9761764
4860_01,0.37444153
4861_01,0.30735323
4865_01,0.24525267
4867_01,0.10402501
4869_01,0.1991514
4872_01,0.19559842
4877_01,0.52516747
4894_01,0.97556794
4905_01,0.8576416
4906_01,0.2313563
4907_01,0.9753098
4908_01,0.24130924
4914_01,0.045254476
4919_01,0.33223385
4921_01,3.4527177e-13
4922_01,0.52567184
4926_01,0.035378043
4928_01,0.2939729
4931_01,0.57789135
4935_01,0.15099071
4935_02,0.5270357
4935_03,0.6614603
4936_01,0.006927561
4947_01,0.30588225
4948_01,0.014192247
4949_01,0.9999938
4949_02,1.0603669e-11
4953_01,0.99912816
4955_01,0.13394167
4957_01,0.9999793
4959_01,0.9998871
4960_01,0.16025421
4962_01,0.47670588
4966_01,1.0
4966_02,0.9999999
4967_01,0.15174234
4968_01,0.53522456
4969_01,0.2062323
4969_02,0.4930372
4971_01,0.8120828
4976_01,0.3594137
4982_01,0.97611177
4984_01,0.20671344
4984_02,0.4868709
4985_01,0.9996379
4986_01,0.11582431
4988_01,0.99787265
4993_01,0.70429206
4994_01,0.20871171
5001_01,0.66713876
5002_01,0.9614103
5011_01,0.86386263
5022_01,0.17797618
5024_01,0.7235243
5024_02,0.6295935
5024_03,0.8034144
5024_04,0.45154685
5024_05,0.99981725
5026_01,0.4621429
5029_01,0.99971163
5029_02,0.99924177
5030_01,0.9778093
5031_01,0.1287228
5031_02,0.5780227
5033_01,0.00994306
5033_02,6.4551164e-13
5037_01,0.121860534
5038_01,0.00063884776
5038_02,0.99999046
5041_01,0.47600147
5043_01,0.99598646
5043_02,0.9999907
5043_03,0.08399396
5045_01,0.9998993
5046_01,0.97662675
5047_01,0.87310994
5049_01,0.37842733
5053_01,0.40104958
5054_01,0.00074738037
5055_01,0.52318347
5056_01,0.9998329
5056_02,0.57072353
5066_01,0.78659236
5071_01,0.8297828
5075_01,0.38106295
5077_01,0.19322728
5078_01,0.20697089
5079_01,0.9998535
5081_01,0.24604438
5082_01,0.7309685
5086_01,0.99996823
5086_02,0.58166915
5092_01,0.91703826
5094_01,0.70407605
5094_02,0.114706635
5096_01,0.01436405
5096_02,0.06595718
5098_01,0.33500832
5098_02,0.53262234
5098_03,0.9802496
5099_01,0.24556804
5100_01,0.99994725
5101_01,0.9695904
5102_01,0.1531662
5107_01,0.23446551
5110_01,0.99999547
5113_01,0.15288007
5114_01,0.99992824
5117_01,0.1436084
5118_01,0.99996436
5119_01,0.24281621
5121_01,0.1025937
5123_01,0.21474037
5131_01,0.43935528
5131_02,0.99999917
5134_01,0.043211285
5135_01,0.0035348814
5139_01,0.18762559
5141_01,0.9989212
5143_01,0.9209988
5147_01,0.9797236
5149_01,5.8873656e-29
5149_02,0.99747956
5150_01,0.9999227
5153_01,0.9762833
5155_01,0.06146131
5159_01,0.9975732
5159_02,2.1026286e-05
5164_01,0.99999857
5164_02,0.9999998
5168_01,0.036287088
5169_01,0.21764494
5172_01,0.21846986
5178_01,0.8661858
5183_01,0.9130074
5189_01,0.8044327
5191_01,0.00022395253
5195_01,0.039818328
5200_01,0.26313403
5203_01,0.99991816
5203_02,0.9999912
5212_01,0.5436164
5215_01,4.1910315e-08
5219_01,0.9996797
5219_02,0.8928547
5222_01,0.95659715
5228_01,0.1735095
5228_02,0.9764758
5231_01,0.014585448
5232_01,2.1353771e-13
5232_02,1.9428833e-05
5233_01,0.6630124
5237_01,0.99925214
5241_01,0.2763692
5241_02,0.5200889
5245_01,0.4570638
5259_01,0.21415018
5261_01,0.14102082
5263_01,0.15150465
5267_01,0.45244098
5267_02,0.5008265
5267_03,0.45372868
5270_01,0.62155145
5283_01,0.31803393
5284_01,0.9930692
5285_01,0.9987945
5286_01,0.004907105
5289_01,0.76662344
5293_01,0.18359815
5293_02,0.07868081
5294_01,0.4850055
5295_01,4.6071336e-06
5296_01,0.3881466
5302_01,0.9918507
5306_01,0.2415212
5306_02,0.9999774
5308_01,0.739935
5308_02,0.93513435
5308_03,0.3560951
5309_01,0.99827087
5311_01,0.52778786
5317_01,0.25134742
5317_02,0.9573051
5318_01,0.5216218
5318_02,0.6000663
5319_01,0.117552415
5321_01,0.2452688
5324_01,0.23060781
5328_01,0.9976295
5329_01,0.022578452
5329_02,0.48401257
5329_03,0.48088
5329_04,0.45285922
5329_05,0.027026279
5329_06,0.45939198
5329_07,0.45939198
5332_01,0.72454464
5335_01,0.97270125
5335_02,0.9962056
5335_03,0.04179771
5335_04,0.5081178
5336_01,0.40052918
5338_01,0.95509493
5339_01,0.5064078
5339_02,0.79313236
5339_03,0.99997926
5342_01,0.10415629
5349_01,0.68060744
5352_01,0.9453714
5357_01,0.9869178
5357_02,0.9998919
5357_03,3.7031188e-07
5357_04,1.1664992e-05
5358_01,0.35794795
5364_01,0.85886836
5369_01,0.6941751
5369_02,0.051785458
5369_03,0.99999744
5370_01,0.5241524
5371_01,0.9989498
5371_02,0.10474788
5371_03,0.9999765
5371_04,0.9998018
5373_01,0.16570702
5376_01,0.9997734
5376_02,0.9985141
5377_01,0.9999832
5381_01,0.0039603133
5382_01,0.99999607
5382_02,1.0
5386_01,0.53299344
5391_01,0.14188868
5393_01,0.23090197
5398_01,0.99856323
5399_01,0.073020525
5400_01,0.5034692
5403_01,0.38591662
5405_01,0.2790307
5407_01,0.13393366
5409_01,0.19619773
5417_01,8.9700465e-05
5419_01,0.14730951
5426_01,0.982341
5428_01,0.2081578
5428_02,0.45939198
5429_01,0.14728995
5432_01,0.7830522
5433_01,0.9980476
5439_01,0.13656442
5442_01,0.14855117
5444_01,0.3855732
5448_01,0.14950451
5449_01,0.14919531
5456_01,0.23137385
5460_01,0.18770173
5461_01,1.7419996e-05
5464_01,0.03605851
5473_01,0.44123855
5473_02,0.05024581
5481_01,1.0
5482_01,0.6232028
5482_02,0.21144694
5486_01,0.96326226
5493_01,0.9567225
5495_01,0.9978068
5498_01,0.5256231
5498_02,0.49889413
5502_01,0.92215973
5503_01,0.06763403
5505_01,0.4011325
5505_02,0.78728056
5505_03,0.9567704
5513_01,0.86908525
5513_02,0.84162736
5513_03,0.12997153
5513_04,0.6164
5516_01,0.20134607
5518_01,0.41235864
5519_01,0.45143622
5525_01,0.17221281
5532_01,0.65792954
5533_01,0.20894796
5534_01,0.6535212
5542_01,0.052932568
5547_01,0.53047955
5548_01,0.9806768
5549_01,0.99998516
5553_01,0.99522424
5553_02,0.76442224
5554_01,0.532481
5558_01,0.07320462
5562_01,0.9999998
5562_02,1.0
5564_01,0.12399755
5565_01,0.31764296
5567_01,0.24195087
5570_01,0.86264235
5576_01,0.4582886
5577_01,0.8566115
5577_02,0.722546
5577_03,0.8574573
5577_04,0.56866664
5577_05,0.7100084
5579_01,0.9956673
5584_01,0.99821794
5584_02,0.0040373774
5588_01,0.053636722
5588_02,0.9999948
5588_03,0.99995923
5588_04,0.9339216
5588_05,0.9999911
5590_01,0.48109797
5593_01,0.15066676
5597_01,0.86695975
5600_01,0.68674886
5604_01,0.085395545
5605_01,0.27031764
5607_01,0.46471345
5612_01,0.9743847
5617_01,0.2057982
5620_01,0.45939198
5620_02,0.0084876185
5621_01,0.2014575
5624_01,0.9755899
5630_01,0.9948342
5632_01,0.99852747
5633_01,0.23317726
5634_01,0.88738257
5635_01,0.10280678
5636_01,0.28320596
5638_01,0.9758962
5641_01,0.97508967
5649_01,0.99983543
5654_01,0.1753383
5656_01,0.36970598
5657_01,3.214362e-05
5658_01,0.020918556
5660_01,0.011486744
5664_01,0.9064165
5664_02,0.7347701
5664_03,0.8605187
5664_04,0.8366462
5665_01,0.13709907
5666_01,0.023649829
5668_01,0.9880031
5669_01,0.97586226
5670_01,0.85684764
5672_01,0.522323
5675_01,0.7519342
5676_01,0.34567025
5678_01,0.9989762
5678_02,0.4273478
5682_01,0.9961692
5683_01,0.03299792
5690_01,0.112799875
5691_01,0.9999396
5694_01,0.9962481
5697_01,0.29412237
5699_01,0.2020539
5703_01,0.22921166
5708_01,0.5310565
5715_01,0.9903554
5715_02,0.99976957
5720_01,0.83942705
5720_02,0.45956567
5731_01,0.0052667353
5731_02,0.45939198
5734_01,0.9999608
5734_02,0.012352977
5741_01,0.024830185
5743_01,0.112677045
5745_01,0.87472934
5749_01,0.15082178
5752_01,0.09387886
5753_01,0.22273761
5754_01,6.153841e-07
5759_01,0.9675476
5760_01,0.2578584
5762_01,0.17922029
5766_01,0.99985856
5770_01,1.0
5774_01,0.2693566
5775_01,0.9979245
5782_01,0.30731973
5782_02,0.2275255
5782_03,0.73590815
5782_04,0.5954101
5784_01,0.7338183
5787_01,0.44268918
5787_02,0.47945404
5787_03,0.62888217
5789_01,0.79347944
5789_02,0.84004474
5797_01,0.99999994
5798_01,0.2271457
5801_01,0.68809783
5803_01,0.5247725
5805_01,0.15514603
5807_01,0.20764235
5815_01,0.009201219
5815_02,0.00017813384
5815_03,0.027454445
5815_04,0.0
5830_01,0.95758504
5832_01,0.08290182
5833_01,0.19184077
5838_01,0.32422322
5841_01,0.99590355
5841_02,0.9999257
5841_03,0.9955931
5845_01,0.6781108
5850_01,0.9999998
5851_01,0.19921541
5851_02,0.9998399
5853_01,0.030086692
5862_01,0.35092625
5864_01,0.6328667
5865_01,0.031471048
5866_01,0.28232187
5870_01,0.5194069
5872_01,0.5387331
5873_01,0.13637738
5873_02,0.4834487
5873_03,0.09419568
5881_01,0.99999803
5883_01,0.9956605
5884_01,0.21791643
5892_01,0.012615323
5893_01,0.11649529
5893_02,0.45939198
5895_01,0.0008674299
5896_01,0.37060466
5899_01,0.27226755
5904_01,0.99989814
5904_02,0.009158811
5910_01,0.027073275
5911_01,0.67749476
5911_02,0.2919924
5911_03,0.021206973
5911_04,0.45939198
5911_05,0.42382792
5911_06,0.9949645
5914_01,0.9724961
5917_01,0.85809636
5918_01,0.51677966
5926_01,0.5208644
5929_01,0.91088
5932_01,0.16522954
5935_01,0.15428475
5936_01,0.9046574
5936_02,0.99970835
5936_03,1.6023709e-09
5936_04,0.45939198
5936_05,5.723262e-12
5937_01,0.9769127
5940_01,0.28629297
5942_01,0.99292755
5942_02,0.9999915
5943_01,0.018470742
5948_01,0.055878066
5958_01,0.5347239
5961_01,0.999725
5961_02,0.9999919
5962_01,0.49870646
5964_01,0.99999994
5964_02,1.0
5966_01,0.81717455
5966_02,0.96872157
5978_01,0.26259893
5978_02,0.45939198
5979_01,0.5066539
5982_01,0.07507999
5996_01,0.96413743
5997_01,0.67090094
5997_02,0.9999997
6002_01,0.4416564
6005_01,0.8752813
6005_02,0.7154056
6005_03,0.89966345
6005_04,5.137622e-09
6005_05,0.80257034
6009_01,0.00022444912
6009_02,4.5991046e-06
6012_01,0.017595047
6013_01,0.51837194
6018_01,0.20467271
6021_01,0.97326565
6023_01,0.14887758
6037_01,0.65951484
6044_01,0.18530037
6044_02,0.45939198
6046_01,0.70413
6050_01,0.9986577
6051_01,1.1071315e-07
6051_02,0.12935828
6053_01,0.10182176
6056_01,0.0011283632
6057_01,0.52394724
6060_01,0.061802883
6063_01,0.8635189
6072_01,0.19024482
6074_01,0.8854218
6074_02,0.67904437
6074_03,0.99876505
6078_01,0.85059637
6079_01,0.5142916
6081_01,0.8699525
6081_02,0.5190985
6081_03,0.9999653
6081_04,0.99885476
6083_01,0.16198248
6084_01,0.8543664
6088_01,0.45242727
6089_01,0.9734227
6093_01,0.50008464
6097_01,0.42192984
6100_01,0.60315764
6104_01,0.99741715
6113_01,0.08625929
6114_01,0.24708532
6119_01,0.9997214
6119_02,0.76726997
6119_03,0.99999285
6125_01,0.12202542
6129_01,0.057653457
6131_01,0.09186487
6134_01,0.94483155
6140_01,0.08474398
6142_01,0.00033025478
6142_02,0.97555417
6144_01,0.5137118
6147_01,0.12421486
6151_01,0.0018062503
6151_02,0.99907047
6154_01,0.7923862
6159_01,0.2991585
6160_01,0.24728903
6160_02,0.8410094
6161_01,0.70614964
6164_01,0.99849135
6165_01,0.50992393
6177_01,1.6765636e-05
6183_01,0.054936193
6185_01,7.739288e-24
6187_01,0.9999467
6188_01,0.51166606
6190_01,0.48535234
6193_01,0.9933565
6193_02,0.99884206
6193_03,0.016252475
6193_04,0.2929839
6195_01,0.2565059
6196_01,0.99949235
6197_01,0.6379355
6198_01,0.20944454
6202_01,0.74635875
6203_01,3.9549424e-22
6204_01,0.9925144
6209_01,3.5765971e-12
6209_02,0.9998183
6210_01,0.9999875
6212_01,0.50998
6214_01,0.4335674
6217_01,0.99997514
6217_02,0.00033684104
6221_01,0.99990505
6226_01,0.10099753
6231_01,0.92362684
6231_02,0.85220265
6231_03,0.33443642
6233_01,0.2744492
6233_02,0.57671493
6233_03,0.9566121
6235_01,0.9958276
6240_01,0.92684305
6242_01,0.9999969
6244_01,0.051911406
6244_02,0.99395347
6247_01,0.07649196
6255_01,0.9964646
6257_01,0.51428324
6257_02,0.15948309
6257_03,0.6135044
6258_01,0.47059974
6259_01,0.47897753
6260_01,0.025694052
6260_02,0.006697785
6261_01,0.42724517
6261_02,0.46451396
6267_01,6.334593e-11
6267_02,0.45939198
6267_03,0.99953246
6267_04,0.9999529
6267_05,1.0
6267_06,0.99903065
6269_01,0.75536674
6269_02,0.00025855974
6269_03,0.9999999
6272_01,0.47902787
6272_02,0.9999313
6275_01,0.41484436
6278_01,0.99990284
6278_02,0.9999976
6284_01,0.99745256
6286_01,0.7845309
6286_02,0.76898015
6287_01,0.24331105
6287_02,0.16515875
6288_01,0.9999795
6288_02,0.06713432
6288_03,0.99999976
6288_04,0.9999942
6291_01,0.21941417
6294_01,0.9701843
6295_01,0.9999992
6295_02,0.2932054
6298_01,0.9973624
6303_01,0.12335322
6306_01,0.9813224
6307_01,0.19058904
6310_01,0.071037084
6311_01,0.8878605
6312_01,0.6152257
6312_02,6.66936e-19
6314_01,0.2549193
6329_01,0.5935824
6332_01,0.5244822
6332_02,0.46347848
6332_03,0.5378643
6332_04,0.26923245
6332_05,0.011650222
6332_06,0.8523445
6332_07,0.31770885
6332_08,0.24487615
6333_01,0.08173452
6336_01,0.4284406
6337_01,0.9613904
6342_01,0.5929693
6342_02,0.034295868
6345_01,0.9996739
6345_02,0.9999988
6350_01,0.46251094
6352_01,1.0
6352_02,1.0
6358_01,0.5866109
6358_02,0.47633415
6359_01,0.052510712
6362_01,0.33686888
6364_01,0.96150327
6375_01,0.05846916
6377_01,0.9998453
6379_01,0.018881578
6382_01,0.097232245
6383_01,0.9677873
6383_02,0.84640837
6383_03,0.7757501
6384_01,0.5014367
6386_01,0.3148796
6387_01,0.2335848
6389_01,0.013969103
6391_01,0.9986851
6391_02,0.9999474
6392_01,0.99981296
6393_01,0.4585436
6395_01,0.45939198
6401_01,0.93071735
6401_02,0.00077735225
6403_01,0.11322082
6410_01,0.24077089
6410_02,0.0010289189
6417_01,0.99988
6420_01,0.6656475
6423_01,2.493986e-17
6425_01,0.06714736
6425_02,0.71367085
6426_01,0.07930569
6427_01,0.99875224
6429_01,0.95523864
6435_01,0.19655697
6438_01,0.0037705277
6440_01,0.62649024
6441_01,0.16420832
6445_01,0.006745762
6460_01,0.9887388
6465_01,0.6420791
6466_01,0.16277647
6467_01,3.6681773e-21
6469_01,0.8292929
6474_01,0.84027743
6476_01,0.06763099
6479_01,0.90906626
6479_02,0.663766
6483_01,0.9973961
6484_01,0.31814885
6486_01,0.99930364
6491_01,0.18561463
6491_02,0.36753118
6491_03,0.7874606
6495_01,0.24990101
6496_01,0.5021801
6496_02,0.45853746
6497_01,0.47738433
6498_01,0.68387413
6499_01,0.34759963
6499_02,0.17214441
6499_03,0.53260803
6499_04,0.45939198
6499_05,0.0036048274
6499_06,0.84524906
6499_07,0.48906526
6499_08,0.5554249
6504_01,0.9988915
6504_02,1.0
6505_01,0.24103199
6506_01,0.08208986
6506_02,0.4281994
6507_01,0.6777236
6515_01,0.5467166
6516_01,0.99995565
6516_02,0.99999994
6518_01,0.99955314
6519_01,0.0067905583
6521_01,0.19586281
6524_01,0.17182873
6527_01,0.6319237
6528_01,0.62580144
6532_01,0.18127926
6533_01,0.5041766
6533_02,0.13503617
6534_01,0.25304255
6536_01,0.26447475
6537_01,0.11014343
6538_01,0.27741972
6542_01,0.0725172
6543_01,0.7738655
6550_01,9.054774e-06
6551_01,0.64011526
6554_01,0.45939198
6555_01,0.4419889
6559_01,0.75367
6559_02,0.6567359
6559_03,0.5270184
6564_01,0.45939198
6564_02,0.99659795
6566_01,0.16326714
6571_01,0.26283374
6575_01,0.99999857
6576_01,0.998712
6577_01,0.67972773
6577_02,0.12076082
6577_03,0.8273021
6579_01,0.6104791
6581_01,0.19634727
6584_01,0.9999993
6586_01,0.038079232
6587_01,0.88728243
6589_01,0.9939077
6596_01,0.5598359
6596_02,0.0078017605
6597_01,0.22134821
6600_01,0.98706543
6600_02,0.07073157
6605_01,0.95033556
6605_02,0.82719994
6607_01,0.7504353
6610_01,0.5071481
6612_01,0.8232439
6612_02,0.3944321
6612_03,0.09180002
6612_04,0.46370363
6612_05,0.18642022
6612_06,0.99950093
6615_01,0.9983533
6617_01,0.9973909
6617_02,0.9999938
6617_03,0.9999946
6619_01,4.9179103e-05
6627_01,0.52595764
6629_01,0.9709197
6632_01,0.22067672
6636_01,0.93708557
6640_01,0.9999521
6644_01,0.3695609
6648_01,0.6082895
6651_01,0.2228585
6653_01,0.9865829
6657_01,0.87477213
6658_01,0.9831831
6658_02,0.98937356
6658_03,0.008487482
6661_01,0.5612233
6666_01,0.21050677
6677_01,0.6078127
6678_01,0.14158736
6678_02,0.9999981
6679_01,0.14546952
6682_01,0.9981124
6682_02,0.72458005
6685_01,0.013370185
6686_01,0.22433907
6687_01,0.1468306
6688_01,0.9960681
6689_01,0.10378878
6689_02,0.79827976
6690_01,0.93374705
6695_01,0.4034209
6696_01,0.6646582
6700_01,0.50116944
6700_02,0.039076246
6701_01,0.99999285
6703_01,0.00040706346
6704_01,0.28267774
6705_01,0.29539812
6710_01,0.9418526
6712_01,0.17193039
6714_01,0.59828454
6715_01,0.1539704
6716_01,0.06227554
6717_01,0.99993134
6723_01,0.18891281
6728_01,1.0
6732_01,0.2866088
6733_01,0.81864375
6735_01,0.122582585
6737_01,0.45810598
6738_01,0.44207764
6738_02,0.9999999
6740_01,0.015688304
6743_01,0.99972147
6752_01,0.24460918
6752_02,0.3287618
6752_03,0.059479725
6755_01,0.26767436
6759_01,0.6018016
6767_01,0.0008560841
6767_02,0.87884694
6768_01,0.15295507
6769_01,0.99968547
6770_01,0.9987836
6770_02,0.99991596
6770_03,0.9999967
6771_01,0.1379755
6772_01,0.5046749
6772_02,0.45838618
6777_01,0.99997455
6781_01,0.9510801
6783_01,0.50043416
6785_01,0.50198686
6790_01,0.19181064
6791_01,0.81363857
6793_01,0.8328045
6793_02,0.9992019
6795_01,0.012659131
6797_01,0.23411928
6803_01,0.53083956
6804_01,0.6976996
6807_01,0.39460182
6807_02,0.46082348
6809_01,0.08194307
6811_01,0.61402893
6812_01,0.3677676
6812_02,0.33455586
6815_01,0.26882076
6819_01,0.31973064
6819_02,0.8046789
6819_03,0.71151644
6823_01,0.8164222
6828_01,0.9279409
6830_01,0.60686105
6835_01,0.6988336
6835_02,0.45314902
6836_01,0.4269681
6838_01,0.8715473
6838_02,2.9503146e-25
6838_03,8.464364e-10
6842_01,0.15284248
6845_01,0.9975521
6846_01,0.008819438
6847_01,2.1904409e-05
6849_01,9.826666e-10
6852_01,0.7301063
6852_02,0.13333403
6855_01,0.24369302
6856_01,0.005987966
6860_01,0.27273005
6867_01,0.43678614
6870_01,0.0031928865
6872_01,0.50297666
6874_01,0.7819541
6875_01,0.074042715
6875_02,0.06369983
6875_03,0.93981713
6876_01,0.755194
6876_02,0.62248415
6876_03,0.7260122
6877_01,0.14666119
6878_01,0.99974966
6881_01,0.45336962
6884_01,0.5092499
6886_01,0.82401294
6888_01,0.45737174
6888_02,0.99960047
6888_03,0.9960165
6888_04,0.0004910984
6890_01,0.124107376
6897_01,0.20187856
6904_01,0.5079079
6904_02,0.48389238
6904_03,0.45939198
6909_01,0.99580634
6914_01,0.8917773
6916_01,0.9990547
6919_01,0.62325525
6922_01,0.5998155
6923_01,0.9971591
6927_01,0.09569583
6933_01,0.9987002
6933_02,0.39450902
6935_01,0.20574975
6936_01,0.01909455
6936_02,0.0013941587
6936_03,0.9999907
6938_01,0.5017487
6941_01,0.50891227
6942_01,0.8945794
6948_01,0.90232176
6952_01,0.99774003
6953_01,0.2576857
6955_01,0.19732411
6956_01,0.12655456
6958_01,0.32982796
6959_01,0.021059332
6959_02,0.8006917
6959_03,0.9706946
6961_01,0.26582018
6961_02,2.6877358e-11
6965_01,0.99832696
6969_01,0.0026740083
6974_01,0.1401711
6975_01,0.04270154
6983_01,0.9984218
6983_02,2.6496631e-05
6986_01,0.6905085
6986_02,0.14373375
6986_03,0.941447
6986_04,0.43362063
6986_05,0.34653905
6986_06,0.79397804
6986_07,0.59622574
6986_08,0.47772488
6989_01,0.83609617
6993_01,0.2043319
7000_01,0.9997718
7003_01,0.24689461
7009_01,0.1336082
7009_02,0.002751165
7012_01,0.99799585
7023_01,0.22099045
7024_01,0.62274146
7030_01,0.26666743
7033_01,0.23391482
7035_01,0.8274035
7043_01,0.7752147
7046_01,1.0536353e-11
7046_02,0.073644936
7046_03,0.0036448264
7054_01,0.9999906
7054_02,0.99999994
7055_01,0.9999291
7063_01,0.34169465
7063_02,2.8971586e-11
7064_01,0.82764643
7065_01,0.9710381
7066_01,0.11390675
7066_02,0.7312206
7067_01,0.7578144
7067_02,0.66207844
7067_03,0.1806848
7070_01,0.7295488
7075_01,0.01296892
7076_01,0.50054896
7081_01,0.99999994
7081_02,0.9999684
7100_01,0.99634945
7100_02,5.6556615e-07
7101_01,1.2872986e-12
7101_02,0.00024240381
7102_01,0.996289
7103_01,0.07132227
7103_02,0.9999996
7107_01,0.5904764
7108_01,0.35454118
7112_01,0.68940777
7115_01,0.9968371
7122_01,0.5941844
7123_01,0.28138238
7124_01,0.9794193
7124_02,0.99987334
7124_03,0.22827941
7125_01,0.994572
7129_01,0.5679164
7130_01,0.58954895
7130_02,0.504285
7130_03,0.43757203
7130_04,0.2470135
7130_05,0.32228294
7130_06,0.9801735
7130_07,0.055394437
7131_01,0.48459774
7135_01,0.804777
7135_02,0.47971538
7135_03,0.96626836
7135_04,0.5272758
7136_01,0.7639354
7138_01,0.0632524
7139_01,0.0022310053
7141_01,0.23381315
7145_01,0.18639863
7146_01,0.013866007
7147_01,0.99999875
7150_01,0.28062105
7150_02,0.46203822
7153_01,0.1829488
7154_01,0.20890151
7158_01,0.24590082
7163_01,0.9875231
7163_02,0.9999169
7163_03,1.1380511e-17
7164_01,0.20236199
7169_01,0.83236027
7172_01,0.005934168
7172_02,0.053122904
7174_01,0.14789093
7178_01,0.9967909
7183_01,0.48417962
7185_01,0.99999774
7195_01,0.7306498
7196_01,0.999641
7198_01,0.5906428
7201_01,0.08846853
7204_01,0.010079947
7209_01,0.7195816
7209_02,0.8101406
7211_01,0.03007399
7212_01,0.91597044
7213_01,0.5938704
7220_01,0.020713236
7222_01,0.45672435
7223_01,0.9994585
7228_01,0.8011641
7231_01,0.23515917
7237_01,0.7710072
7239_01,0.49977496
7241_01,0.6662358
7241_02,1.0608128e-13
7243_01,0.7841218
7243_02,0.6470556
7243_03,0.73870206
7243_04,0.27422374
7243_05,0.97912246
7244_01,0.7082399
7245_01,0.9135969
7248_01,0.11739596
7248_02,0.9998318
7251_01,0.59155786
7254_01,0.054566164
7262_01,0.04827396
7263_01,0.33006385
7264_01,0.09994634
7265_01,0.22936797
7266_01,0.25234503
7266_02,0.73510075
7266_03,0.8411537
7269_01,0.050303
7269_02,0.4675454
7272_01,0.59336233
7275_01,0.89822334
7281_01,0.9790717
7282_01,0.58402956
7286_01,0.26153734
7287_01,0.9999936
7288_01,0.23005736
7291_01,0.7993381
7293_01,0.28926304
7294_01,0.32213587
7295_01,0.496027
7295_02,0.42518607
7299_01,0.5695654
7308_01,0.9999947
7312_01,0.9054674
7315_01,0.4954085
7316_01,0.37266478
7317_01,0.13523635
7318_01,0.021955056
7319_01,0.52357495
7319_02,0.45939198
7319_03,0.46807593
7325_01,0.06456146
7329_01,0.022881458
7329_02,0.45939198
7329_03,0.95130044
7333_01,0.1357574
7335_01,0.5844571
7345_01,0.010620652
7348_01,0.026342286
7348_02,0.99999964
7348_03,0.9993633
7349_01,0.1340331
7352_01,0.080805436
7354_01,0.982248
7354_02,0.9502777
7354_03,0.99999315
7354_04,2.7206343e-17
7354_05,0.9999999
7354_06,0.2415989
7355_01,0.030631872
7357_01,0.82181454
7362_01,0.28554374
7363_01,0.54129255
7364_01,0.7825631
7368_01,0.9973909
7369_01,0.009974272
7373_01,0.99968964
7373_02,0.99999976
7375_01,0.53855777
7378_01,0.029885132
7380_01,0.91925824
7380_02,0.9999288
7380_03,3.0203137e-06
7380_04,0.9873731
7381_01,0.6015228
7382_01,0.6784024
7383_01,0.65676963
7383_02,0.30163187
7384_01,0.1383716
7386_01,0.4856072
7389_01,0.9981101
7397_01,0.45939198
7400_01,0.120164745
7404_01,0.7689069
7407_01,0.1073496
7409_01,0.25655365
7409_02,0.5009744
7412_01,0.9999991
7413_01,0.5069208
7413_02,0.45939198
7414_01,0.08671958
7415_01,0.3105609
7417_01,0.10545656
7417_02,0.22008042
7420_01,0.26530856
7421_01,0.5949357
7421_02,0.4661498
7423_01,0.05778588
7423_02,0.99999166
7424_01,0.098109834
7426_01,0.99992067
7426_02,0.9999905
7426_03,0.99999994
7433_01,0.5778171
7434_01,0.04866819
7439_01,0.028655935
7439_02,0.9999994
7440_01,0.26592752
7441_01,0.99644977
7443_01,0.73445904
7451_01,0.40182817
7454_01,0.22458151
7463_01,0.1613927
7465_01,0.44515294
7466_01,0.059747133
7467_01,0.04962278
7468_01,0.7479805
7469_01,0.26593468
7470_01,0.7581571
7471_01,0.5054717
7471_02,0.31188652
7473_01,0.1769225
7473_02,0.44521567
7474_01,0.62307394
7476_01,0.8068066
7480_01,0.20724519
7482_01,0.99839306
7482_02,0.006486714
7489_01,0.45805156
7489_02,0.25022042
7489_03,0.45939198
7491_01,0.48156002
7493_01,0.43692398
7497_01,0.7242456
7511_01,0.73390925
7516_01,0.41217637
7519_01,0.08985275
7526_01,0.9999992
7528_01,0.6542959
7528_02,0.6827008
7528_03,0.12802544
7528_04,0.5753552
7530_01,0.98634106
7530_02,2.5258048e-06
7530_03,5.1451348e-06
7530_04,3.2857333e-24
7532_01,0.7787787
7537_01,0.71887714
7539_01,0.99320936
7539_02,0.6234444
7540_01,0.1891475
7541_01,0.9994256
7541_02,0.9694353
7541_03,0.45939198
7546_01,0.99999994
7547_01,0.47882152
7548_01,0.102415584
7551_01,0.59135866
7554_01,0.7072146
7555_01,0.8981675
7556_01,0.9999316
7556_02,0.99985844
7556_03,0.9781001
7556_04,0.9999998
7557_01,0.07680375
7557_02,0.99966764
7557_03,0.9994415
7558_01,0.028385364
7558_02,0.9999992
7562_01,0.13459465
7564_01,0.03332741
7566_01,0.43272564
7570_01,0.45939198
7570_02,0.010607048
7571_01,0.21737109
7575_01,0.23316486
7581_01,0.379922
7582_01,0.47262764
7582_02,0.45939198
7582_03,0.54032815
7582_04,0.4769292
7582_05,0.3730984
7587_01,0.4094921
7589_01,0.58819836
7590_01,0.4853994
7591_01,0.6956262
7591_02,0.4789932
7593_01,0.9949539
7597_01,0.48047376
7597_02,0.6383692
7597_03,0.04083303
7597_04,0.5411024
7597_05,0.074393265
7597_06,0.7131048
7597_07,0.18019535
7600_01,0.9238542
7600_02,0.43468434
7602_01,0.9997748
7603_01,0.4857125
7607_01,0.2551654
7610_01,0.75164974
7610_02,0.46893623
7611_01,0.014534773
7611_02,0.013637456
7612_01,0.061877426
7612_02,0.6705748
7613_01,0.99606043
7615_01,0.15339759
7617_01,0.44866368
7619_01,0.7084877
7629_01,0.95861053
7629_02,0.46582437
7629_03,0.91001296
7636_01,0.11283036
7637_01,0.996126
7637_02,0.0040257075
7637_03,0.9994489
7638_01,0.48074022
7642_01,0.99704003
7645_01,0.9999008
7648_01,0.6084417
7651_01,0.99730664
7653_01,0.1299945
7654_01,0.99795943
7655_01,0.7218099
7657_01,0.035900716
7658_01,0.99948895
7659_01,0.16907743
7662_01,0.99671155
7663_01,0.7783529
7664_01,0.12477559
7668_01,0.41325557
7672_01,4.2437896e-13
7673_01,0.29427263
7674_01,0.12951568
7675_01,0.16366524
7681_01,0.49286819
7685_01,0.6279879
7686_01,0.73181325
7695_01,0.28983995
7701_01,0.1320815
7704_01,0.65036035
7706_01,0.99998736
7718_01,0.9998124
7722_01,0.32520285
7725_01,0.99999577
7726_01,0.48125145
7730_01,0.08385847
7732_01,0.15592314
7733_01,0.042445853
7734_01,0.4375194
7735_01,0.014660273
7737_01,0.48127222
7740_01,0.55377895
7740_02,0.45939198
7745_01,0.47620463
7750_01,0.18837252
7756_01,0.9895331
7758_01,0.18114275
7759_01,0.48959064
7762_01,0.154326
7765_01,0.6774044
7765_02,0.6913169
7765_03,0.6223234
7766_01,0.27400842
7772_01,0.48118746
7779_01,0.52089643
7781_01,0.12284603
7792_01,0.9996261
7792_02,0.9999987
7792_03,0.9999995
7792_04,2.3429775e-06
7792_05,1.0
7794_01,0.07390936
7795_01,0.28963855
7795_02,0.5625662
7796_01,0.09530016
7798_01,0.2510727
7798_02,0.4995184
7799_01,0.66355443
7804_01,0.0017735629
7807_01,0.8479854
7811_01,0.48974958
7814_01,0.36321235
7817_01,0.25041825
7819_01,0.6539518
7822_01,0.34249508
7823_01,0.66841245
7825_01,2.1543274e-06
7825_02,0.65153664
7825_03,0.074714325
7826_01,0.99985754
7827_01,0.9999952
7836_01,0.024280954
7838_01,0.99976516
7844_01,0.026669303
7846_01,4.4198094e-09
7846_02,0.9999988
7854_01,0.2574823
7855_01,0.17169438
7857_01,0.5751051
7860_01,0.19685403
7862_01,0.4822321
7867_01,0.28567174
7869_01,0.1780792
7874_01,0.28890255
7874_02,0.7489066
7876_01,0.05160245
7880_01,0.9537425
7880_02,0.17555115
7887_01,0.48227742
7893_01,0.9956836
7893_02,0.99998873
7893_03,0.99998313
7893_04,0.9999905
7893_05,1.0
7896_01,0.3636639
7898_01,0.25719768
7900_01,0.21511647
7906_01,0.112431854
7909_01,0.3148687
7909_02,0.09010128
7911_01,0.6327823
7912_01,0.15552048
7915_01,0.5456372
7915_02,0.013994557
7915_03,0.46089306
7917_01,0.48275307
7921_01,0.5079552
7921_02,0.0751801
7923_01,0.37544957
7925_01,0.49041966
7927_01,0.53646076
7927_02,0.46061784
7927_03,0.48432946
7928_01,0.7182189
7931_01,0.5072347
7932_01,0.5847117
7933_01,0.9005118
7934_01,0.9949859
7934_02,0.99999934
7934_03,0.9999586
7938_01,0.0279205
7942_01,0.0059743864
7942_02,0.47658908
7948_01,0.116781026
7951_01,0.9999475
7953_01,0.10463951
7956_01,0.40545025
7959_01,0.4893863
7961_01,0.21432135
7963_01,0.6795641
7963_02,0.47420722
7963_03,0.7133133
7964_01,0.99924105
7965_01,0.6084255
7966_01,0.17010745
7969_01,0.614969
7971_01,0.99955595
7971_02,2.4826122e-07
7975_01,0.997008
7977_01,0.2231886
7978_01,0.44742024
7978_02,0.16720943
7979_01,0.15577658
7980_01,0.066713706
7991_01,4.7302308e-07
7991_02,0.17784254
7991_03,0.9999404
7991_04,0.9964267
7992_01,0.6752875
7997_01,0.6979606
7998_01,0.97547597
7998_02,0.99989575
7998_03,0.9999978
7998_04,0.99999714
8001_01,0.21794511
8002_01,0.29371908
8008_01,0.120039724
8009_01,0.56148016
8011_01,0.4923838
8013_01,0.58326757
8017_01,0.18607181
8022_01,0.65682054
8028_01,0.19377378
8033_01,0.005016264
8039_01,0.9999251
8039_02,0.9998665
8040_01,0.4468574
8041_01,0.00084668375
8041_02,0.99999946
8044_01,0.99999934
8045_01,0.38816825
8047_01,0.99994206
8048_01,0.9894689
8051_01,0.5322287
8051_02,0.65979564
8061_01,0.49008018
8061_02,0.48300487
8062_01,0.2391519
8065_01,0.28454944
8070_01,0.06993925
8073_01,0.48327965
8074_01,0.7168175
8080_01,0.99923563
8090_01,0.4837075
8093_01,0.15374221
8095_01,0.24044907
8096_01,0.9960617
8099_01,0.56431454
8100_01,0.5262329
8101_01,0.99876773
8104_01,0.5074216
8109_01,0.19109984
8110_01,0.08226247
8111_01,0.48972085
8113_01,0.80602413
8113_02,0.70293003
8113_03,0.6479489
8113_04,0.30273944
8114_01,0.49032077
8125_01,0.9992437
8125_02,0.99559325
8126_01,0.19491796
8127_01,0.45939198
8132_01,0.007270321
8134_01,0.7696768
8142_01,0.9999702
8145_01,0.6939011
8146_01,0.55968827
8151_01,0.2245116
8154_01,0.69843334
8155_01,0.55168283
8160_01,0.10952953
8163_01,0.5230179
8166_01,0.11180519
8169_01,0.42687553
8170_01,0.99956274
8172_01,0.99870545
8174_01,0.19570017
8179_01,0.99853164
8180_01,0.038077876
8181_01,0.0892982
8181_02,0.59727097
8181_03,0.99999774
8183_01,0.0875339
8184_01,0.16932091
8185_01,0.036406755
8187_01,0.17206706
8188_01,0.090477504
8193_01,0.575384
8195_01,0.99853736
8196_01,0.035909038
8196_02,0.63370574
8198_01,0.48404273
8201_01,0.9999991
8206_01,0.067031
8215_01,1.0
8223_01,0.53770447
8228_01,0.049740627
8230_01,0.104160935
8234_01,0.0073128343
8236_01,0.99997526
8240_01,0.99972206
8241_01,0.5503261
8245_01,0.4765268
8245_02,0.4835962
8246_01,0.45408657
8249_01,0.26533872
8250_01,0.4847361
8253_01,0.0004107694
8256_01,0.5213835
8258_01,0.0041759727
8262_01,0.5736294
8263_01,0.051829223
8269_01,0.48267964
8274_01,0.49473786
8278_01,0.5608953
8283_01,0.999937
8284_01,0.54283047
8284_02,0.4870095
8285_01,0.23901942
8286_01,0.9999308
8290_01,0.999551
8293_01,7.742119e-06
8296_01,0.99555534
8299_01,0.14318985
8304_01,0.053842817
8304_02,0.9995304
8304_03,0.8420591
8305_01,0.9987665
8305_02,0.9999997
8305_03,0.9999974
8308_01,3.315837e-05
8309_01,0.394179
8311_01,0.11210371
8312_01,0.9972308
8325_01,0.53712964
8325_02,0.40740302
8327_01,0.07402345
8331_01,0.4270552
8337_01,0.31752396
8340_01,0.008993907
8340_02,0.66471577
8340_03,2.0898087e-05
8347_01,0.5613978
8349_01,0.20875485
8350_01,0.022820905
8351_01,0.0066448003
8352_01,0.07219329
8353_01,0.26101413
8355_01,0.99970555
8357_01,1.0
8357_02,0.9993053
8358_01,0.21817864
8359_01,0.068462096
8361_01,8.295853e-10
8361_02,1.2910104e-10
8361_03,0.99438417
8361_04,0.9999786
8361_05,0.99859923
8364_01,0.5630362
8367_01,0.461409
8370_01,0.9999862
8370_02,2.4306003e-06
8372_01,0.9999221
8385_01,0.99203336
8385_02,0.0076394263
8385_03,0.99754626
8387_01,0.56725717
8389_01,0.6460663
8391_01,0.39021057
8396_01,0.0025228676
8399_01,0.0615742
8400_01,0.22272025
8400_02,0.6042738
8400_03,3.4212449e-06
8402_01,0.9862363
8402_02,0.9978316
8402_03,0.99995077
8408_01,0.5992491
8408_02,0.60966986
8412_01,0.49722975
8413_01,0.5526751
8415_01,0.001576576
8417_01,0.47797617
8422_01,0.17443351
8424_01,0.119152434
8425_01,0.60071933
8425_02,0.6361564
8426_01,0.45939198
8426_02,0.010811266
8428_01,0.7790301
8434_01,0.99999815
8435_01,0.09625821
8436_01,0.03871499
8439_01,0.4861847
8440_01,0.017925853
8440_02,0.99951446
8440_03,0.99987596
8443_01,0.9982461
8443_02,0.008616753
8445_01,0.5276135
8445_02,0.65004396
8445_03,0.86204886
8446_01,0.0030652098
8450_01,0.99967587
8450_02,0.04796671
8450_03,0.9999179
8453_01,0.46973488
8455_01,0.41732064
8461_01,0.45939198
8464_01,0.0018436692
8464_02,0.99999523
8473_01,0.45939198
8473_02,0.055611823
8478_01,0.57987386
8478_02,0.071890704
8484_01,0.9987149
8485_01,0.50735986
8488_01,0.44049376
8490_01,0.05121054
8496_01,0.20829673
8497_01,0.45309606
8498_01,0.2075685
8499_01,0.54975665
8501_01,0.5211559
8505_01,0.0003543977
8507_01,0.51670027
8510_01,0.1545876
8510_02,0.99999386
8513_01,0.109182306
8515_01,0.26234367
8517_01,0.43878248
8517_02,0.9908824
8518_01,0.87713236
8519_01,0.7459526
8520_01,0.124635875
8520_02,0.6676919
8525_01,0.9836464
8525_02,0.99999785
8526_01,0.05056244
8526_02,0.77224296
8527_01,0.54676235
8529_01,0.14576791
8531_01,0.48658678
8532_01,0.21034555
8533_01,0.50796324
8534_01,0.55560684
8534_02,0.6985294
8534_03,0.48784417
8534_04,0.52125156
8538_01,0.0022267594
8543_01,0.50664747
8543_02,0.58896697
8543_03,0.46914348
8543_04,0.2399691
8543_05,0.27811065
8543_06,0.008217349
8543_07,0.9977651
8543_08,0.23917973
8546_01,0.55246127
8547_01,0.19229378
8550_01,0.12613866
8553_01,0.027182952
8555_01,0.5624929
8555_02,0.48713782
8555_03,0.85656655
8558_01,0.51588136
8562_01,0.35467476
8563_01,0.014946988
8564_01,0.024564132
8565_01,0.5226024
8565_02,0.59265697
8565_03,0.40937147
8567_01,2.9163772e-07
8567_02,2.3494816e-07
8567_03,0.00668392
8568_01,0.9984386
8568_02,0.99988264
8575_01,0.47925526
8576_01,0.96276194
8578_01,0.08258779
8579_01,0.9997606
8582_01,0.5237788
8583_01,0.99115014
8583_02,0.9995437
8590_01,7.111495e-05
8591_01,0.48088518
8593_01,0.018356664
8600_01,0.52760404
8601_01,0.07913569
8608_01,0.5853069
8621_01,0.90924907
8622_01,0.111063056
8625_01,0.109333396
8627_01,0.08542822
8630_01,0.28494686
8632_01,0.4926237
8632_02,0.46386904
8647_01,0.9977577
8648_01,0.5230039
8648_02,0.22788511
8648_03,0.5068053
8649_01,0.062127996
8651_01,0.20872357
8652_01,0.2668785
8655_01,0.1102975
8660_01,0.50074947
8662_01,0.4475978
8665_01,0.48715156
8666_01,0.50905144
8676_01,0.33918232
8677_01,0.020995283
8677_02,0.9907275
8677_03,0.99596566
8678_01,0.76089716
8678_02,0.46938774
8679_01,0.48709127
8682_01,0.003644707
8686_01,0.98192805
8689_01,0.48776197
8690_01,0.0042546676
8690_02,0.96972084
8692_01,0.983815
8692_02,3.402583e-07
8692_03,0.99917746
8697_01,0.5179954
8698_01,0.52877635
8699_01,0.5020555
8702_01,0.20863408
8705_01,0.9592181
8706_01,0.10933402
8707_01,0.28666353
8711_01,0.47264776
8713_01,0.020239335
8713_02,0.9998174
8715_01,0.48751786
8718_01,0.08217483
8724_01,9.542761e-12
8725_01,0.5351038
8726_01,0.9912978
8730_01,0.25331858
8731_01,0.038067035
8737_01,0.98956174
8738_01,0.490087
8739_01,2.8412753e-05
8740_01,0.17957504
8742_01,0.12842022
8745_01,0.23612992
8746_01,0.5633409
8747_01,0.9974886
8747_02,0.4341339
8748_01,0.30822414
8748_02,0.041403003
8756_01,2.9291738e-07
8758_01,0.013218702
8758_02,0.999882
8761_01,0.08034603
8763_01,0.06981155
8763_02,0.06664832
8763_03,0.6810218
8765_01,0.0004124083
8767_01,1.6015743e-08
8767_02,1.1098659e-10
8768_01,0.55727947
8768_02,0.71680593
8768_03,0.1262933
8775_01,0.99939066
8777_01,0.08547605
8778_01,0.99108464
8778_02,0.99973327
8784_01,0.18615197
8788_01,0.071250305
8792_01,0.09519691
8793_01,0.008354135
8793_02,0.98550034
8793_03,0.9999887
8793_04,1.9590814e-08
8793_05,0.9999995
8795_01,0.35899064
8800_01,0.4933225
8800_02,0.45939198
8800_03,0.49521795
8800_04,0.50915897
8800_05,0.3545299
8803_01,0.54298764
8804_01,0.99603695
8804_02,0.98867244
8804_03,0.999954
8804_04,0.2614592
8804_05,8.470411e-05
8810_01,0.0003194015
8814_01,0.48795578
8829_01,0.54360557
8832_01,0.31354535
8837_01,0.13723879
8839_01,0.70362854
8839_02,0.46811432
8846_01,5.519573e-25
8846_02,0.6246964
8847_01,0.48836115
8851_01,0.57145584
8855_01,0.033503532
8857_01,0.55295175
8859_01,0.1607866
8866_01,0.4956057
8870_01,0.99676347
8870_02,0.0038865472
8873_01,0.45401955
8873_02,3.0501583e-09
8873_03,0.99999344
8875_01,0.89942956
8875_02,4.650722e-06
8875_03,0.999989
8877_01,0.98472947
8877_02,0.9998471
8879_01,0.4882097
8882_01,0.18495502
8887_01,0.692767
8888_01,0.08140545
8893_01,0.99526054
8893_02,0.99920917
8895_01,0.99023163
8895_02,0.00036887842
8898_01,0.17280644
8908_01,0.54148376
8909_01,0.26080313
8911_01,0.6330184
8912_01,0.5434965
8913_01,0.5103462
8913_02,0.45939198
8913_03,0.61692774
8914_01,0.28750098
8915_01,0.08151607
8916_01,0.49354354
8917_01,0.50591457
8921_01,0.9969146
8924_01,0.9997492
8925_01,0.98595196
8925_02,0.6899607
8925_03,0.99960554
8925_04,0.99999994
8925_05,0.99999434
8925_06,0.0081775
8927_01,0.9999999
8929_01,0.14831513
8931_01,0.0019325266
8933_01,0.048796616
8934_01,2.9169115e-13
8935_01,0.47706828
8936_01,8.445336e-05
8943_01,0.15587364
8946_01,0.9983305
8949_01,0.09278798
8950_01,0.20929612
8951_01,1.5655273e-12
8952_01,0.27767482
8953_01,0.3397801
8957_01,0.19602628
8958_01,0.4887306
8960_01,0.5399227
8960_02,0.44540522
8960_03,0.45939198
8962_01,0.053223323
8963_01,0.9969139
8965_01,0.24867363
8971_01,0.33838814
8974_01,0.99906313
8979_01,0.4322124
8980_01,0.18211667
8980_02,0.00013727398
8980_03,0.9996233
8980_04,6.701609e-05
8980_05,7.255233e-05
8980_06,0.9997081
8980_07,0.999826
8984_01,0.12134951
8990_01,0.5061183
8991_01,0.385997
8994_01,0.0019468155
8994_02,0.99872756
8995_01,0.011678059
9000_01,0.23383832
9002_01,0.12121168
9005_01,0.50616837
9016_01,0.0339007
9016_02,5.953436e-06
9016_03,0.0
9016_04,0.99998015
9016_05,0.0068747145
9017_01,0.50652885
9022_01,0.12989624
9022_02,0.5749589
9022_03,0.6850201
9025_01,0.086741894
9025_02,0.51272464
9027_01,0.019899921
9033_01,0.50641584
9039_01,0.59520257
9040_01,4.719993e-05
9044_01,0.1720201
9045_01,0.039827894
9045_02,0.029293893
9047_01,0.43456894
9050_01,0.48959526
9051_01,0.0922031
9053_01,0.9975145
9053_02,1.0
9054_01,0.60457957
9055_01,0.055082113
9056_01,0.094424814
9058_01,0.08417462
9062_01,0.005607765
9062_02,0.7266194
9063_01,0.99989086
9065_01,0.99559265
9067_01,0.26388353
9067_02,0.52085876
9070_01,0.21321158
9070_02,0.48047355
9082_01,0.04194037
9083_01,0.9860873
9083_02,0.45939198
9086_01,0.5050229
9086_02,0.4931711
9087_01,0.049898203
9088_01,0.99972934
9090_01,0.045847833
9091_01,0.9867243
9092_01,0.16419517
9093_01,9.439431e-12
9095_01,0.19999827
9096_01,0.51290417
9096_02,0.54281485
9100_01,4.161625e-06
9102_01,0.99531174
9105_01,0.49026716
9109_01,0.49411994
9113_01,0.9953515
9117_01,0.12524688
9121_01,0.99414575
9123_01,0.9983014
9133_01,0.49018225
9135_01,0.22074972
9138_01,0.23012945
9143_01,0.0465259
9143_02,0.20981328
9143_03,0.1363884
9146_01,0.17233595
9146_02,0.068749495
9146_03,0.9999773
9147_01,0.49039108
9153_01,0.41079804
9154_01,0.5057155
9155_01,0.29331997
9155_02,0.08164408
9155_03,0.99923205
9155_04,0.9999715
9162_01,0.9999571
9162_02,1.892344e-06
9162_03,0.0019120378
9166_01,0.99461335
9171_01,0.9199461
9177_01,0.9912229
9177_02,0.9998618
9182_01,0.019169098
9187_01,0.2751318
9187_02,0.00420301
9191_01,0.5060819
9198_01,0.0026537562
9200_01,0.8446412
9204_01,0.18223514
9206_01,0.9999991
9206_02,0.00045008256
9206_03,0.98839515
9207_01,0.99957925
9209_01,0.3606785
9210_01,0.22307171
9212_01,0.10662901
9212_02,0.48266888
9214_01,9.559269e-15
9215_01,0.9760994
9216_01,0.19739106
9223_01,0.9976868
9223_02,0.9999947
9228_01,0.26188138
9229_01,0.22812337
9232_01,0.12019207
9236_01,0.47826856
9238_01,0.4505653
9238_02,0.5109694
9238_03,0.47789294
9238_04,0.09875117
9238_05,0.6976434
9238_06,0.9921191
9238_07,0.3991329
9240_01,0.3363072
9243_01,0.9763022
9245_01,0.14809799
9249_01,0.45698375
9255_01,0.4830783
9258_01,0.9943293
9260_01,0.5540495
9262_01,0.44290248
9263_01,0.5057887
9265_01,0.9994977
9266_01,0.48870194
9266_02,0.5280605
9269_01,0.35129094
9271_01,0.99909806
9273_01,0.99567276
9277_01,0.49999103
